name,time_seconds,result
gl_grafo1000.14.gml.cnf,0,SAT
gl_grafo1001.12.gml.cnf,0,SAT
gl_grafo1002.20.gml.cnf,1.0,SAT
gl_grafo1003.11.gml.cnf,1.0,SAT
gl_grafo1004.11.gml.cnf,0,SAT
gl_grafo1005.11.gml.cnf,0,SAT
gl_grafo1006.11.gml.cnf,0,SAT
gl_grafo1007.20.gml.cnf,1.0,SAT
gl_grafo1008.12.gml.cnf,1.0,SAT
gl_grafo1009.17.gml.cnf,0,SAT
gl_grafo1010.10.gml.cnf,0,SAT
gl_grafo1011.19.gml.cnf,1.0,SAT
gl_grafo1013.15.gml.cnf,0,SAT
gl_grafo1014.14.gml.cnf,0,SAT
gl_grafo1015.16.gml.cnf,1.0,SAT
gl_grafo1016.18.gml.cnf,1.0,SAT
gl_grafo1017.15.gml.cnf,0,SAT
gl_grafo1019.11.gml.cnf,0,SAT
gl_grafo1020.12.gml.cnf,0,SAT
gl_grafo1021.14.gml.cnf,0,SAT
gl_grafo1022.17.gml.cnf,1.0,SAT
gl_grafo1023.11.gml.cnf,0,SAT
gl_grafo1024.20.gml.cnf,1.0,SAT
gl_grafo1025.15.gml.cnf,1.0,SAT
gl_grafo1027.11.gml.cnf,0,SAT
gl_grafo1028.16.gml.cnf,0,SAT
gl_grafo1029.16.gml.cnf,0,SAT
gl_grafo1030.15.gml.cnf,1.0,SAT
gl_grafo1031.16.gml.cnf,0,SAT
gl_grafo1032.10.gml.cnf,0,SAT
gl_grafo1036.20.gml.cnf,1.0,SAT
gl_grafo1039.14.gml.cnf,0,SAT
gl_grafo1042.14.gml.cnf,1.0,SAT
gl_grafo1043.15.gml.cnf,0,SAT
gl_grafo1046.17.gml.cnf,0,SAT
gl_grafo1047.16.gml.cnf,1.0,SAT
gl_grafo1048.18.gml.cnf,0,SAT
gl_grafo1050.18.gml.cnf,1.0,SAT
gl_grafo1054.11.gml.cnf,0,SAT
gl_grafo1055.19.gml.cnf,0,SAT
gl_grafo1056.17.gml.cnf,1.0,SAT
gl_grafo1057.16.gml.cnf,1.0,SAT
gl_grafo1058.14.gml.cnf,0,SAT
gl_grafo1059.18.gml.cnf,1.0,SAT
gl_grafo1060.11.gml.cnf,0,SAT
gl_grafo1061.11.gml.cnf,0,SAT
gl_grafo1062.15.gml.cnf,1.0,SAT
gl_grafo1063.14.gml.cnf,0,SAT
gl_grafo1065.14.gml.cnf,0,SAT
gl_grafo1066.11.gml.cnf,0,SAT
gl_grafo1067.13.gml.cnf,0,SAT
gl_grafo1068.12.gml.cnf,0,SAT
gl_grafo1069.16.gml.cnf,1.0,SAT
gl_grafo1070.10.gml.cnf,0,SAT
gl_grafo1071.10.gml.cnf,0,SAT
gl_grafo1072.14.gml.cnf,0,SAT
gl_grafo1074.14.gml.cnf,1.0,SAT
gl_grafo1076.18.gml.cnf,0,SAT
gl_grafo1077.11.gml.cnf,0,SAT
gl_grafo1078.11.gml.cnf,0,SAT
gl_grafo1079.19.gml.cnf,2.0,SAT
gl_grafo1080.16.gml.cnf,0,SAT
gl_grafo1081.15.gml.cnf,0,SAT
gl_grafo1083.14.gml.cnf,0,SAT
gl_grafo1084.11.gml.cnf,0,SAT
gl_grafo1085.17.gml.cnf,0,SAT
gl_grafo1086.18.gml.cnf,1.0,SAT
gl_grafo1087.14.gml.cnf,0,SAT
gl_grafo1088.11.gml.cnf,0,SAT
gl_grafo1093.15.gml.cnf,0,SAT
gl_grafo1094.17.gml.cnf,0,SAT
gl_grafo1095.11.gml.cnf,1.0,SAT
gl_grafo1097.16.gml.cnf,0,SAT
gl_grafo1098.10.gml.cnf,0,SAT
gl_grafo1099.11.gml.cnf,0,SAT
gl_grafo1100.11.gml.cnf,0,SAT
gl_grafo1105.19.gml.cnf,1.0,SAT
gl_grafo1107.15.gml.cnf,0,SAT
gl_grafo1108.18.gml.cnf,2.0,SAT
gl_grafo1110.20.gml.cnf,0,SAT
gl_grafo1111.15.gml.cnf,1.0,SAT
gl_grafo1112.16.gml.cnf,0,SAT
gl_grafo1113.20.gml.cnf,1.0,SAT
gl_grafo1116.16.gml.cnf,0,SAT
gl_grafo1117.11.gml.cnf,0,SAT
gl_grafo1119.16.gml.cnf,0,SAT
gl_grafo1120.10.gml.cnf,0,SAT
gl_grafo1121.17.gml.cnf,1.0,SAT
gl_grafo1122.17.gml.cnf,0,SAT
gl_grafo1123.10.gml.cnf,0,SAT
gl_grafo1124.15.gml.cnf,0,SAT
gl_grafo1126.10.gml.cnf,1.0,SAT
gl_grafo1127.19.gml.cnf,0,SAT
gl_grafo1128.11.gml.cnf,0,SAT
gl_grafo1129.15.gml.cnf,0,SAT
gl_grafo1131.11.gml.cnf,0,SAT
gl_grafo1132.19.gml.cnf,1.0,SAT
gl_grafo1133.18.gml.cnf,1.0,SAT
gl_grafo1134.11.gml.cnf,0,SAT
gl_grafo1136.15.gml.cnf,1.0,SAT
gl_grafo1137.10.gml.cnf,0,SAT
gl_grafo1138.15.gml.cnf,1.0,SAT
gl_grafo1139.15.gml.cnf,0,SAT
gl_grafo1140.15.gml.cnf,0,SAT
gl_grafo1142.15.gml.cnf,1.0,SAT
gl_grafo1143.18.gml.cnf,0,SAT
gl_grafo1144.16.gml.cnf,1.0,SAT
gl_grafo1145.18.gml.cnf,1.0,SAT
gl_grafo1146.18.gml.cnf,1.0,SAT
gl_grafo1147.18.gml.cnf,1.0,SAT
gl_grafo1148.17.gml.cnf,0,SAT
gl_grafo1150.16.gml.cnf,1.0,SAT
gl_grafo1151.11.gml.cnf,0,SAT
gl_grafo1152.18.gml.cnf,1.0,SAT
gl_grafo1155.11.gml.cnf,0,SAT
gl_grafo1156.14.gml.cnf,0,SAT
gl_grafo1160.17.gml.cnf,1.0,SAT
gl_grafo1161.17.gml.cnf,0,SAT
gl_grafo1162.11.gml.cnf,0,SAT
gl_grafo1163.19.gml.cnf,7.0,SAT
gl_grafo1164.10.gml.cnf,0,SAT
gl_grafo1165.16.gml.cnf,1.0,SAT
gl_grafo1166.11.gml.cnf,0,SAT
gl_grafo1169.18.gml.cnf,0,SAT
gl_grafo117.20.gml.cnf,1.0,SAT
gl_grafo1172.19.gml.cnf,1.0,SAT
gl_grafo1173.16.gml.cnf,0,SAT
gl_grafo1175.19.gml.cnf,1.0,SAT
gl_grafo1176.11.gml.cnf,0,SAT
gl_grafo1177.16.gml.cnf,0,SAT
gl_grafo1179.17.gml.cnf,1.0,SAT
gl_grafo121.20.gml.cnf,1.0,SAT
gl_grafo122.12.gml.cnf,0,SAT
gl_grafo133.16.gml.cnf,0,SAT
gl_grafo1403.17.gml.cnf,0,SAT
gl_grafo1439.15.gml.cnf,0,SAT
gl_grafo144.12.gml.cnf,0,SAT
gl_grafo155.10.gml.cnf,0,SAT
gl_grafo1614.14.gml.cnf,0,SAT
gl_grafo1615.12.gml.cnf,0,SAT
gl_grafo1616.17.gml.cnf,1.0,SAT
gl_grafo1618.15.gml.cnf,0,SAT
gl_grafo1619.11.gml.cnf,1.0,SAT
gl_grafo1620.14.gml.cnf,0,SAT
gl_grafo1621.10.gml.cnf,0,SAT
gl_grafo1622.19.gml.cnf,0,SAT
gl_grafo1625.19.gml.cnf,1.0,SAT
gl_grafo1626.18.gml.cnf,0,SAT
gl_grafo1627.10.gml.cnf,0,SAT
gl_grafo1629.11.gml.cnf,0,SAT
gl_grafo1631.16.gml.cnf,1.0,SAT
gl_grafo1633.17.gml.cnf,1.0,SAT
gl_grafo1634.17.gml.cnf,0,SAT
gl_grafo1635.16.gml.cnf,1.0,SAT
gl_grafo1636.11.gml.cnf,0,SAT
gl_grafo1639.14.gml.cnf,1.0,SAT
gl_grafo1640.17.gml.cnf,0,SAT
gl_grafo1642.18.gml.cnf,2.0,SAT
gl_grafo1643.10.gml.cnf,0,SAT
gl_grafo1644.18.gml.cnf,0,SAT
gl_grafo1648.18.gml.cnf,0,SAT
gl_grafo1649.20.gml.cnf,1.0,SAT
gl_grafo1651.20.gml.cnf,1.0,SAT
gl_grafo1652.18.gml.cnf,0,SAT
gl_grafo1653.18.gml.cnf,3.0,SAT
gl_grafo1654.10.gml.cnf,0,SAT
gl_grafo1656.17.gml.cnf,0,SAT
gl_grafo1657.10.gml.cnf,0,SAT
gl_grafo1658.14.gml.cnf,0,SAT
gl_grafo1659.11.gml.cnf,0,SAT
gl_grafo166.10.gml.cnf,0,SAT
gl_grafo1660.19.gml.cnf,3.0,SAT
gl_grafo1661.19.gml.cnf,1.0,SAT
gl_grafo1662.14.gml.cnf,0,SAT
gl_grafo1665.17.gml.cnf,3.0,SAT
gl_grafo1666.19.gml.cnf,1.0,SAT
gl_grafo1670.16.gml.cnf,0,SAT
gl_grafo1671.17.gml.cnf,2.0,SAT
gl_grafo1672.19.gml.cnf,0,SAT
gl_grafo1673.20.gml.cnf,1.0,SAT
gl_grafo1674.12.gml.cnf,0,SAT
gl_grafo1675.19.gml.cnf,1.0,SAT
gl_grafo1676.20.gml.cnf,1.0,SAT
gl_grafo1679.18.gml.cnf,1.0,SAT
gl_grafo1683.11.gml.cnf,0,SAT
gl_grafo1684.19.gml.cnf,1.0,SAT
gl_grafo1686.16.gml.cnf,0,SAT
gl_grafo1688.13.gml.cnf,0,SAT
gl_grafo1690.20.gml.cnf,0,SAT
gl_grafo1691.16.gml.cnf,1.0,SAT
gl_grafo1692.16.gml.cnf,1.0,SAT
gl_grafo1693.12.gml.cnf,0,SAT
gl_grafo1695.15.gml.cnf,0,SAT
gl_grafo1697.11.gml.cnf,0,SAT
gl_grafo1700.15.gml.cnf,0,SAT
gl_grafo1703.18.gml.cnf,1.0,SAT
gl_grafo1704.10.gml.cnf,0,SAT
gl_grafo1705.19.gml.cnf,1.0,SAT
gl_grafo1707.18.gml.cnf,0,SAT
gl_grafo1709.13.gml.cnf,1.0,SAT
gl_grafo1713.19.gml.cnf,1.0,SAT
gl_grafo1714.12.gml.cnf,0,SAT
gl_grafo1716.20.gml.cnf,1.0,SAT
gl_grafo1717.14.gml.cnf,0,SAT
gl_grafo1719.13.gml.cnf,0,SAT
gl_grafo1720.19.gml.cnf,2.0,SAT
gl_grafo1722.12.gml.cnf,0,SAT
gl_grafo1723.10.gml.cnf,0,SAT
gl_grafo1724.19.gml.cnf,2.0,SAT
gl_grafo1729.13.gml.cnf,0,SAT
gl_grafo1731.16.gml.cnf,1.0,SAT
gl_grafo1732.17.gml.cnf,0,SAT
gl_grafo1733.20.gml.cnf,1.0,SAT
gl_grafo1734.11.gml.cnf,0,SAT
gl_grafo1735.11.gml.cnf,0,SAT
gl_grafo1738.15.gml.cnf,0,SAT
gl_grafo1739.16.gml.cnf,1.0,SAT
gl_grafo1740.10.gml.cnf,0,SAT
gl_grafo1741.16.gml.cnf,0,SAT
gl_grafo1744.12.gml.cnf,0,SAT
gl_grafo1745.17.gml.cnf,0,SAT
gl_grafo1747.19.gml.cnf,1.0,SAT
gl_grafo1748.16.gml.cnf,0,SAT
gl_grafo1750.12.gml.cnf,0,SAT
gl_grafo1751.17.gml.cnf,2.0,SAT
gl_grafo1753.16.gml.cnf,0,SAT
gl_grafo1754.13.gml.cnf,0,SAT
gl_grafo1755.20.gml.cnf,1.0,SAT
gl_grafo1756.16.gml.cnf,1.0,SAT
gl_grafo1757.20.gml.cnf,0,SAT
gl_grafo1761.20.gml.cnf,0,SAT
gl_grafo1763.12.gml.cnf,1.0,SAT
gl_grafo1764.20.gml.cnf,0,SAT
gl_grafo1766.11.gml.cnf,0,SAT
gl_grafo1769.16.gml.cnf,1.0,SAT
gl_grafo177.11.gml.cnf,0,SAT
gl_grafo1772.15.gml.cnf,1.0,SAT
gl_grafo1774.10.gml.cnf,0,SAT
gl_grafo1778.15.gml.cnf,0,SAT
gl_grafo1780.18.gml.cnf,0,SAT
gl_grafo1781.14.gml.cnf,1.0,SAT
gl_grafo1782.15.gml.cnf,0,SAT
gl_grafo1787.16.gml.cnf,0,SAT
gl_grafo1790.16.gml.cnf,0,SAT
gl_grafo1791.11.gml.cnf,1.0,SAT
gl_grafo1792.16.gml.cnf,0,SAT
gl_grafo1794.17.gml.cnf,0,SAT
gl_grafo1795.11.gml.cnf,0,SAT
gl_grafo1797.19.gml.cnf,0,SAT
gl_grafo1800.19.gml.cnf,1.0,SAT
gl_grafo1801.20.gml.cnf,0,SAT
gl_grafo1802.13.gml.cnf,0,SAT
gl_grafo1803.17.gml.cnf,0,SAT
gl_grafo1804.19.gml.cnf,1.0,SAT
gl_grafo1807.12.gml.cnf,0,SAT
gl_grafo1808.15.gml.cnf,0,SAT
gl_grafo1809.17.gml.cnf,2.0,SAT
gl_grafo1811.18.gml.cnf,1.0,SAT
gl_grafo1812.19.gml.cnf,1.0,SAT
gl_grafo1816.12.gml.cnf,0,SAT
gl_grafo1820.18.gml.cnf,1.0,SAT
gl_grafo1821.19.gml.cnf,1.0,SAT
gl_grafo1822.11.gml.cnf,0,SAT
gl_grafo1823.19.gml.cnf,1.0,SAT
gl_grafo1824.18.gml.cnf,0,SAT
gl_grafo1826.19.gml.cnf,1.0,SAT
gl_grafo1827.13.gml.cnf,0,SAT
gl_grafo1829.15.gml.cnf,0,SAT
gl_grafo1831.17.gml.cnf,1.0,SAT
gl_grafo1832.11.gml.cnf,0,SAT
gl_grafo1834.19.gml.cnf,1.0,SAT
gl_grafo1835.11.gml.cnf,0,SAT
gl_grafo1837.20.gml.cnf,0,SAT
gl_grafo1839.13.gml.cnf,0,SAT
gl_grafo1841.18.gml.cnf,2.0,SAT
gl_grafo1843.12.gml.cnf,0,SAT
gl_grafo1845.17.gml.cnf,0,SAT
gl_grafo1846.19.gml.cnf,1.0,SAT
gl_grafo1848.18.gml.cnf,1.0,SAT
gl_grafo1849.16.gml.cnf,0,SAT
gl_grafo1851.17.gml.cnf,1.0,SAT
gl_grafo1852.19.gml.cnf,0,SAT
gl_grafo1853.13.gml.cnf,0,SAT
gl_grafo1855.20.gml.cnf,2.0,SAT
gl_grafo1856.14.gml.cnf,0,SAT
gl_grafo1857.10.gml.cnf,0,SAT
gl_grafo1858.19.gml.cnf,2.0,SAT
gl_grafo1860.20.gml.cnf,0,SAT
gl_grafo1861.17.gml.cnf,0,SAT
gl_grafo1864.18.gml.cnf,0,SAT
gl_grafo1865.18.gml.cnf,0,SAT
gl_grafo1866.11.gml.cnf,0,SAT
gl_grafo187.15.gml.cnf,1.0,SAT
gl_grafo1870.14.gml.cnf,0,SAT
gl_grafo1871.17.gml.cnf,0,SAT
gl_grafo1873.20.gml.cnf,1.0,SAT
gl_grafo1875.17.gml.cnf,0,SAT
gl_grafo1876.11.gml.cnf,0,SAT
gl_grafo1878.16.gml.cnf,1.0,SAT
gl_grafo1881.19.gml.cnf,0,SAT
gl_grafo1882.19.gml.cnf,0,SAT
gl_grafo1883.15.gml.cnf,0,SAT
gl_grafo1884.16.gml.cnf,0,SAT
gl_grafo1885.13.gml.cnf,0,SAT
gl_grafo1888.15.gml.cnf,1.0,SAT
gl_grafo1891.18.gml.cnf,0,SAT
gl_grafo1893.18.gml.cnf,0,SAT
gl_grafo1895.14.gml.cnf,1.0,SAT
gl_grafo1897.19.gml.cnf,0,SAT
gl_grafo1898.10.gml.cnf,1.0,SAT
gl_grafo190.20.gml.cnf,0,SAT
gl_grafo1900.19.gml.cnf,1.0,SAT
gl_grafo1901.20.gml.cnf,0,SAT
gl_grafo1902.12.gml.cnf,0,SAT
gl_grafo1903.18.gml.cnf,1.0,SAT
gl_grafo1905.13.gml.cnf,0,SAT
gl_grafo1907.16.gml.cnf,1.0,SAT
gl_grafo1909.13.gml.cnf,0,SAT
gl_grafo1912.11.gml.cnf,0,SAT
gl_grafo1913.11.gml.cnf,0,SAT
gl_grafo1916.20.gml.cnf,1.0,SAT
gl_grafo1917.11.gml.cnf,1.0,SAT
gl_grafo1918.16.gml.cnf,0,SAT
gl_grafo192.13.gml.cnf,0,SAT
gl_grafo1920.11.gml.cnf,1.0,SAT
gl_grafo1924.16.gml.cnf,0,SAT
gl_grafo193.12.gml.cnf,1.0,SAT
gl_grafo1930.13.gml.cnf,0,SAT
gl_grafo1931.20.gml.cnf,1.0,SAT
gl_grafo1932.13.gml.cnf,0,SAT
gl_grafo1934.14.gml.cnf,0,SAT
gl_grafo1935.13.gml.cnf,0,SAT
gl_grafo1936.18.gml.cnf,3.0,SAT
gl_grafo1938.12.gml.cnf,0,SAT
gl_grafo1940.18.gml.cnf,1.0,SAT
gl_grafo1942.18.gml.cnf,1.0,SAT
gl_grafo1943.12.gml.cnf,0,SAT
gl_grafo1944.19.gml.cnf,0,SAT
gl_grafo1945.16.gml.cnf,1.0,SAT
gl_grafo1947.14.gml.cnf,0,SAT
gl_grafo195.15.gml.cnf,0,SAT
gl_grafo1951.14.gml.cnf,1.0,SAT
gl_grafo1955.10.gml.cnf,0,SAT
gl_grafo1957.10.gml.cnf,0,SAT
gl_grafo1961.15.gml.cnf,1.0,SAT
gl_grafo1969.14.gml.cnf,0,SAT
gl_grafo197.15.gml.cnf,0,SAT
gl_grafo1970.15.gml.cnf,0,SAT
gl_grafo1971.15.gml.cnf,1.0,SAT
gl_grafo1972.10.gml.cnf,0,SAT
gl_grafo198.18.gml.cnf,0,SAT
gl_grafo1982.15.gml.cnf,1.0,SAT
gl_grafo199.13.gml.cnf,0,SAT
gl_grafo1994.14.gml.cnf,0,SAT
gl_grafo200.11.gml.cnf,0,SAT
gl_grafo2001.12.gml.cnf,0,SAT
gl_grafo201.13.gml.cnf,0,SAT
gl_grafo202.13.gml.cnf,1.0,SAT
gl_grafo2023.16.gml.cnf,0,SAT
gl_grafo203.13.gml.cnf,0,SAT
gl_grafo204.15.gml.cnf,0,SAT
gl_grafo2056.20.gml.cnf,8.0,SAT
gl_grafo206.12.gml.cnf,0,SAT
gl_grafo2068.12.gml.cnf,0,SAT
gl_grafo207.12.gml.cnf,0,SAT
gl_grafo2079.19.gml.cnf,1.0,SAT
gl_grafo209.10.gml.cnf,0,SAT
gl_grafo2090.17.gml.cnf,0,SAT
gl_grafo210.10.gml.cnf,0,SAT
gl_grafo2101.17.gml.cnf,0,SAT
gl_grafo2105.10.gml.cnf,0,SAT
gl_grafo2106.17.gml.cnf,1.0,SAT
gl_grafo2109.11.gml.cnf,0,SAT
gl_grafo211.14.gml.cnf,0,SAT
gl_grafo2110.11.gml.cnf,0,SAT
gl_grafo2111.10.gml.cnf,0,SAT
gl_grafo2113.19.gml.cnf,1.0,SAT
gl_grafo2115.12.gml.cnf,0,SAT
gl_grafo2117.18.gml.cnf,1.0,SAT
gl_grafo2118.15.gml.cnf,0,SAT
gl_grafo212.14.gml.cnf,0,SAT
gl_grafo2120.13.gml.cnf,0,SAT
gl_grafo2121.13.gml.cnf,0,SAT
gl_grafo2122.20.gml.cnf,1.0,SAT
gl_grafo2125.16.gml.cnf,0,SAT
gl_grafo2126.11.gml.cnf,0,SAT
gl_grafo2127.18.gml.cnf,2.0,SAT
gl_grafo2128.19.gml.cnf,0,SAT
gl_grafo2129.11.gml.cnf,0,SAT
gl_grafo213.18.gml.cnf,1.0,SAT
gl_grafo2131.19.gml.cnf,1.0,SAT
gl_grafo2135.19.gml.cnf,0,SAT
gl_grafo2136.11.gml.cnf,0,SAT
gl_grafo2138.17.gml.cnf,1.0,SAT
gl_grafo2139.11.gml.cnf,0,SAT
gl_grafo2142.16.gml.cnf,0,SAT
gl_grafo2143.19.gml.cnf,0,SAT
gl_grafo2144.12.gml.cnf,1.0,SAT
gl_grafo2146.17.gml.cnf,0,SAT
gl_grafo2147.17.gml.cnf,1.0,SAT
gl_grafo215.20.gml.cnf,0,SAT
gl_grafo2150.16.gml.cnf,0,SAT
gl_grafo2151.20.gml.cnf,1.0,SAT
gl_grafo2153.19.gml.cnf,0,SAT
gl_grafo2154.14.gml.cnf,1.0,SAT
gl_grafo2157.15.gml.cnf,0,SAT
gl_grafo2158.14.gml.cnf,0,SAT
gl_grafo2159.17.gml.cnf,1.0,SAT
gl_grafo216.18.gml.cnf,0,SAT
gl_grafo2160.15.gml.cnf,1.0,SAT
gl_grafo2164.16.gml.cnf,0,SAT
gl_grafo2166.20.gml.cnf,3.0,SAT
gl_grafo2168.16.gml.cnf,0,SAT
gl_grafo2169.15.gml.cnf,0,SAT
gl_grafo217.14.gml.cnf,1.0,SAT
gl_grafo2170.13.gml.cnf,0,SAT
gl_grafo2171.19.gml.cnf,0,SAT
gl_grafo2174.17.gml.cnf,1.0,SAT
gl_grafo2177.17.gml.cnf,0,SAT
gl_grafo2179.14.gml.cnf,1.0,SAT
gl_grafo218.17.gml.cnf,0,SAT
gl_grafo2183.16.gml.cnf,0,SAT
gl_grafo2184.18.gml.cnf,1.0,SAT
gl_grafo2186.18.gml.cnf,0,SAT
gl_grafo2187.19.gml.cnf,1.0,SAT
gl_grafo2189.14.gml.cnf,0,SAT
gl_grafo219.11.gml.cnf,0,SAT
gl_grafo2191.16.gml.cnf,0,SAT
gl_grafo2192.16.gml.cnf,1.0,SAT
gl_grafo2196.16.gml.cnf,0,SAT
gl_grafo2197.13.gml.cnf,0,SAT
gl_grafo2198.16.gml.cnf,0,SAT
gl_grafo220.13.gml.cnf,1.0,SAT
gl_grafo2202.20.gml.cnf,0,SAT
gl_grafo2204.13.gml.cnf,0,SAT
gl_grafo2206.19.gml.cnf,1.0,SAT
gl_grafo2209.20.gml.cnf,1.0,SAT
gl_grafo221.15.gml.cnf,0,SAT
gl_grafo2211.16.gml.cnf,1.0,SAT
gl_grafo2213.20.gml.cnf,2.0,SAT
gl_grafo2214.19.gml.cnf,1.0,SAT
gl_grafo2216.15.gml.cnf,1.0,SAT
gl_grafo2218.13.gml.cnf,0,SAT
gl_grafo2219.15.gml.cnf,1.0,SAT
gl_grafo222.11.gml.cnf,0,SAT
gl_grafo2220.17.gml.cnf,0,SAT
gl_grafo2221.13.gml.cnf,0,SAT
gl_grafo2222.17.gml.cnf,1.0,SAT
gl_grafo2225.15.gml.cnf,0,SAT
gl_grafo2227.17.gml.cnf,2.0,SAT
gl_grafo2228.14.gml.cnf,0,SAT
gl_grafo223.12.gml.cnf,0,SAT
gl_grafo2231.16.gml.cnf,1.0,SAT
gl_grafo2232.15.gml.cnf,0,SAT
gl_grafo2233.15.gml.cnf,0,SAT
gl_grafo2234.14.gml.cnf,0,SAT
gl_grafo2236.16.gml.cnf,1.0,SAT
gl_grafo2239.17.gml.cnf,0,SAT
gl_grafo224.17.gml.cnf,0,SAT
gl_grafo2240.12.gml.cnf,0,SAT
gl_grafo2241.16.gml.cnf,1.0,SAT
gl_grafo2244.18.gml.cnf,7.0,SAT
gl_grafo2245.17.gml.cnf,1.0,SAT
gl_grafo2246.20.gml.cnf,2.0,SAT
gl_grafo2247.18.gml.cnf,0,SAT
gl_grafo225.12.gml.cnf,1.0,SAT
gl_grafo2252.15.gml.cnf,0,SAT
gl_grafo2253.18.gml.cnf,0,SAT
gl_grafo2257.14.gml.cnf,0,SAT
gl_grafo2259.14.gml.cnf,0,SAT
gl_grafo226.14.gml.cnf,0,SAT
gl_grafo2260.14.gml.cnf,0,SAT
gl_grafo2261.12.gml.cnf,0,SAT
gl_grafo2264.15.gml.cnf,1.0,SAT
gl_grafo2265.12.gml.cnf,0,SAT
gl_grafo2266.15.gml.cnf,0,SAT
gl_grafo2268.20.gml.cnf,1.0,SAT
gl_grafo2272.20.gml.cnf,1.0,SAT
gl_grafo2276.16.gml.cnf,0,SAT
gl_grafo2277.18.gml.cnf,1.0,SAT
gl_grafo2279.16.gml.cnf,0,SAT
gl_grafo228.19.gml.cnf,1.0,SAT
gl_grafo2280.15.gml.cnf,0,SAT
gl_grafo2281.16.gml.cnf,0,SAT
gl_grafo2282.20.gml.cnf,3.0,SAT
gl_grafo2283.13.gml.cnf,1.0,SAT
gl_grafo2284.20.gml.cnf,1.0,SAT
gl_grafo2286.15.gml.cnf,0,SAT
gl_grafo2287.13.gml.cnf,0,SAT
gl_grafo2288.16.gml.cnf,1.0,SAT
gl_grafo2289.18.gml.cnf,0,SAT
gl_grafo229.13.gml.cnf,0,SAT
gl_grafo2290.19.gml.cnf,1.0,SAT
gl_grafo2291.14.gml.cnf,0,SAT
gl_grafo2292.14.gml.cnf,1.0,SAT
gl_grafo2293.13.gml.cnf,0,SAT
gl_grafo2294.16.gml.cnf,0,SAT
gl_grafo2296.15.gml.cnf,0,SAT
gl_grafo2297.17.gml.cnf,1.0,SAT
gl_grafo2298.13.gml.cnf,0,SAT
gl_grafo230.14.gml.cnf,0,SAT
gl_grafo2300.17.gml.cnf,1.0,SAT
gl_grafo2302.16.gml.cnf,0,SAT
gl_grafo2303.13.gml.cnf,0,SAT
gl_grafo2306.13.gml.cnf,0,SAT
gl_grafo2307.18.gml.cnf,0,SAT
gl_grafo2308.19.gml.cnf,1.0,SAT
gl_grafo231.12.gml.cnf,0,SAT
gl_grafo2311.15.gml.cnf,0,SAT
gl_grafo2312.11.gml.cnf,0,SAT
gl_grafo2313.13.gml.cnf,0,SAT
gl_grafo2317.20.gml.cnf,1.0,SAT
gl_grafo2318.15.gml.cnf,0,SAT
gl_grafo2319.14.gml.cnf,0,SAT
gl_grafo232.16.gml.cnf,0,SAT
gl_grafo2324.17.gml.cnf,0,SAT
gl_grafo2325.13.gml.cnf,0,SAT
gl_grafo2326.16.gml.cnf,0,SAT
gl_grafo2327.15.gml.cnf,0,SAT
gl_grafo233.11.gml.cnf,0,SAT
gl_grafo2331.15.gml.cnf,0,SAT
gl_grafo2332.19.gml.cnf,1.0,SAT
gl_grafo2333.13.gml.cnf,0,SAT
gl_grafo2334.16.gml.cnf,1.0,SAT
gl_grafo2335.12.gml.cnf,0,SAT
gl_grafo2336.17.gml.cnf,0,SAT
gl_grafo2338.14.gml.cnf,0,SAT
gl_grafo2339.14.gml.cnf,0,SAT
gl_grafo234.12.gml.cnf,0,SAT
gl_grafo2340.13.gml.cnf,0,SAT
gl_grafo2342.18.gml.cnf,0,SAT
gl_grafo2343.12.gml.cnf,0,SAT
gl_grafo2344.12.gml.cnf,0,SAT
gl_grafo2345.17.gml.cnf,1.0,SAT
gl_grafo2347.20.gml.cnf,0,SAT
gl_grafo2349.16.gml.cnf,1.0,SAT
gl_grafo235.13.gml.cnf,0,SAT
gl_grafo2350.11.gml.cnf,0,SAT
gl_grafo2351.20.gml.cnf,1.0,SAT
gl_grafo2352.15.gml.cnf,1.0,SAT
gl_grafo2354.13.gml.cnf,0,SAT
gl_grafo2355.16.gml.cnf,0,SAT
gl_grafo2359.12.gml.cnf,0,SAT
gl_grafo236.15.gml.cnf,0,SAT
gl_grafo2360.17.gml.cnf,1.0,SAT
gl_grafo2366.16.gml.cnf,0,SAT
gl_grafo2367.12.gml.cnf,0,SAT
gl_grafo2368.14.gml.cnf,0,SAT
gl_grafo237.16.gml.cnf,1.0,SAT
gl_grafo2371.19.gml.cnf,1.0,SAT
gl_grafo2372.16.gml.cnf,0,SAT
gl_grafo2373.16.gml.cnf,0,SAT
gl_grafo2375.19.gml.cnf,3.0,SAT
gl_grafo2376.16.gml.cnf,0,SAT
gl_grafo2377.15.gml.cnf,0,SAT
gl_grafo238.10.gml.cnf,0,SAT
gl_grafo2380.12.gml.cnf,1.0,SAT
gl_grafo2382.20.gml.cnf,2.0,SAT
gl_grafo2383.18.gml.cnf,0,SAT
gl_grafo2384.11.gml.cnf,0,SAT
gl_grafo2385.13.gml.cnf,0,SAT
gl_grafo239.15.gml.cnf,1.0,SAT
gl_grafo2390.19.gml.cnf,0,SAT
gl_grafo2392.14.gml.cnf,0,SAT
gl_grafo2393.14.gml.cnf,0,SAT
gl_grafo2396.20.gml.cnf,1.0,SAT
gl_grafo240.11.gml.cnf,0,SAT
gl_grafo2401.17.gml.cnf,1.0,SAT
gl_grafo2403.15.gml.cnf,0,SAT
gl_grafo2408.18.gml.cnf,1.0,SAT
gl_grafo2409.15.gml.cnf,0,SAT
gl_grafo241.16.gml.cnf,0,SAT
gl_grafo2413.16.gml.cnf,1.0,SAT
gl_grafo2414.15.gml.cnf,0,SAT
gl_grafo2415.13.gml.cnf,0,SAT
gl_grafo2417.14.gml.cnf,1.0,SAT
gl_grafo2418.17.gml.cnf,1.0,SAT
gl_grafo2419.14.gml.cnf,0,SAT
gl_grafo242.14.gml.cnf,0,SAT
gl_grafo2420.16.gml.cnf,0,SAT
gl_grafo2421.17.gml.cnf,1.0,SAT
gl_grafo2422.20.gml.cnf,1.0,SAT
gl_grafo2425.19.gml.cnf,1.0,SAT
gl_grafo2426.12.gml.cnf,0,SAT
gl_grafo2427.19.gml.cnf,0,SAT
gl_grafo2428.19.gml.cnf,2.0,SAT
gl_grafo2430.14.gml.cnf,0,SAT
gl_grafo2432.15.gml.cnf,0,SAT
gl_grafo2433.11.gml.cnf,0,SAT
gl_grafo2435.18.gml.cnf,1.0,SAT
gl_grafo2438.18.gml.cnf,0,SAT
gl_grafo2439.12.gml.cnf,0,SAT
gl_grafo244.20.gml.cnf,0,SAT
gl_grafo2440.16.gml.cnf,0,SAT
gl_grafo2441.16.gml.cnf,1.0,SAT
gl_grafo2442.14.gml.cnf,0,SAT
gl_grafo2448.15.gml.cnf,0,SAT
gl_grafo2449.19.gml.cnf,1.0,SAT
gl_grafo2450.14.gml.cnf,0,SAT
gl_grafo2451.17.gml.cnf,0,SAT
gl_grafo2458.12.gml.cnf,0,SAT
gl_grafo2459.15.gml.cnf,1.0,SAT
gl_grafo246.11.gml.cnf,0,SAT
gl_grafo2460.14.gml.cnf,0,SAT
gl_grafo2461.18.gml.cnf,1.0,SAT
gl_grafo2466.14.gml.cnf,0,SAT
gl_grafo2467.16.gml.cnf,2.0,SAT
gl_grafo2468.15.gml.cnf,1.0,SAT
gl_grafo247.15.gml.cnf,0,SAT
gl_grafo2470.16.gml.cnf,0,SAT
gl_grafo2471.14.gml.cnf,1.0,SAT
gl_grafo2480.18.gml.cnf,0,SAT
gl_grafo2481.15.gml.cnf,0,SAT
gl_grafo2482.15.gml.cnf,1.0,SAT
gl_grafo2484.17.gml.cnf,0,SAT
gl_grafo2485.13.gml.cnf,0,SAT
gl_grafo2486.15.gml.cnf,1.0,SAT
gl_grafo2487.15.gml.cnf,0,SAT
gl_grafo2488.13.gml.cnf,0,SAT
gl_grafo2489.19.gml.cnf,0,SAT
gl_grafo2491.18.gml.cnf,1.0,SAT
gl_grafo2493.16.gml.cnf,1.0,SAT
gl_grafo2494.17.gml.cnf,0,SAT
gl_grafo2495.16.gml.cnf,0,SAT
gl_grafo250.13.gml.cnf,1.0,SAT
gl_grafo2500.12.gml.cnf,0,SAT
gl_grafo2501.19.gml.cnf,0,SAT
gl_grafo2502.15.gml.cnf,1.0,SAT
gl_grafo2505.13.gml.cnf,0,SAT
gl_grafo2507.17.gml.cnf,1.0,SAT
gl_grafo251.20.gml.cnf,0,SAT
gl_grafo2511.10.gml.cnf,0,SAT
gl_grafo2512.12.gml.cnf,0,SAT
gl_grafo2514.15.gml.cnf,1.0,SAT
gl_grafo2515.12.gml.cnf,0,SAT
gl_grafo2518.13.gml.cnf,0,SAT
gl_grafo252.12.gml.cnf,1.0,SAT
gl_grafo2520.17.gml.cnf,0,SAT
gl_grafo2525.16.gml.cnf,1.0,SAT
gl_grafo2526.13.gml.cnf,0,SAT
gl_grafo2527.14.gml.cnf,0,SAT
gl_grafo253.15.gml.cnf,0,SAT
gl_grafo2532.14.gml.cnf,0,SAT
gl_grafo2533.18.gml.cnf,1.0,SAT
gl_grafo2537.16.gml.cnf,0,SAT
gl_grafo2538.10.gml.cnf,1.0,SAT
gl_grafo254.10.gml.cnf,0,SAT
gl_grafo2541.14.gml.cnf,0,SAT
gl_grafo2542.16.gml.cnf,0,SAT
gl_grafo2545.20.gml.cnf,1.0,SAT
gl_grafo2546.19.gml.cnf,1.0,SAT
gl_grafo2547.17.gml.cnf,0,SAT
gl_grafo2549.16.gml.cnf,1.0,SAT
gl_grafo255.14.gml.cnf,0,SAT
gl_grafo2553.18.gml.cnf,1.0,SAT
gl_grafo2554.20.gml.cnf,1.0,SAT
gl_grafo2555.14.gml.cnf,0,SAT
gl_grafo2556.18.gml.cnf,2.0,SAT
gl_grafo2559.13.gml.cnf,0,SAT
gl_grafo256.12.gml.cnf,0,SAT
gl_grafo2560.15.gml.cnf,1.0,SAT
gl_grafo2561.14.gml.cnf,0,SAT
gl_grafo2562.19.gml.cnf,0,SAT
gl_grafo2563.14.gml.cnf,0,SAT
gl_grafo2564.20.gml.cnf,1.0,SAT
gl_grafo2565.17.gml.cnf,0,SAT
gl_grafo2567.13.gml.cnf,0,SAT
gl_grafo2568.15.gml.cnf,1.0,SAT
gl_grafo2569.14.gml.cnf,0,SAT
gl_grafo257.10.gml.cnf,0,SAT
gl_grafo2570.15.gml.cnf,0,SAT
gl_grafo2574.15.gml.cnf,0,SAT
gl_grafo2575.13.gml.cnf,0,SAT
gl_grafo2576.18.gml.cnf,1.0,SAT
gl_grafo2577.17.gml.cnf,0,SAT
gl_grafo2579.11.gml.cnf,1.0,SAT
gl_grafo258.13.gml.cnf,0,SAT
gl_grafo2580.15.gml.cnf,1.0,SAT
gl_grafo2583.16.gml.cnf,0,SAT
gl_grafo2584.16.gml.cnf,0,SAT
gl_grafo2585.16.gml.cnf,0,SAT
gl_grafo2586.15.gml.cnf,0,SAT
gl_grafo259.12.gml.cnf,0,SAT
gl_grafo2590.14.gml.cnf,0,SAT
gl_grafo2591.15.gml.cnf,0,SAT
gl_grafo2592.12.gml.cnf,1.0,SAT
gl_grafo2594.17.gml.cnf,0,SAT
gl_grafo2595.13.gml.cnf,0,SAT
gl_grafo2597.15.gml.cnf,1.0,SAT
gl_grafo2599.13.gml.cnf,0,SAT
gl_grafo260.14.gml.cnf,0,SAT
gl_grafo2601.17.gml.cnf,1.0,SAT
gl_grafo2604.18.gml.cnf,0,SAT
gl_grafo2607.12.gml.cnf,0,SAT
gl_grafo2608.18.gml.cnf,1.0,SAT
gl_grafo2609.15.gml.cnf,0,SAT
gl_grafo261.14.gml.cnf,0,SAT
gl_grafo2610.17.gml.cnf,1.0,SAT
gl_grafo2611.20.gml.cnf,1.0,SAT
gl_grafo2613.15.gml.cnf,0,SAT
gl_grafo2614.16.gml.cnf,1.0,SAT
gl_grafo2615.17.gml.cnf,1.0,SAT
gl_grafo2619.15.gml.cnf,0,SAT
gl_grafo262.11.gml.cnf,0,SAT
gl_grafo2620.13.gml.cnf,1.0,SAT
gl_grafo2621.14.gml.cnf,0,SAT
gl_grafo2625.14.gml.cnf,0,SAT
gl_grafo2626.15.gml.cnf,1.0,SAT
gl_grafo2628.10.gml.cnf,0,SAT
gl_grafo263.11.gml.cnf,0,SAT
gl_grafo2632.19.gml.cnf,2.0,SAT
gl_grafo2633.17.gml.cnf,0,SAT
gl_grafo2634.14.gml.cnf,0,SAT
gl_grafo2636.16.gml.cnf,1.0,SAT
gl_grafo264.17.gml.cnf,0,SAT
gl_grafo2640.19.gml.cnf,17.0,SAT
gl_grafo2641.17.gml.cnf,0,SAT
gl_grafo2642.13.gml.cnf,0,SAT
gl_grafo2643.19.gml.cnf,2.0,SAT
gl_grafo2644.17.gml.cnf,0,SAT
gl_grafo2645.13.gml.cnf,0,SAT
gl_grafo2646.16.gml.cnf,1.0,SAT
gl_grafo2647.17.gml.cnf,0,SAT
gl_grafo265.10.gml.cnf,0,SAT
gl_grafo2651.12.gml.cnf,0,SAT
gl_grafo2652.16.gml.cnf,1.0,SAT
gl_grafo2653.14.gml.cnf,0,SAT
gl_grafo2655.18.gml.cnf,1.0,SAT
gl_grafo2658.18.gml.cnf,1.0,SAT
gl_grafo2659.13.gml.cnf,0,SAT
gl_grafo266.13.gml.cnf,0,SAT
gl_grafo2662.19.gml.cnf,1.0,SAT
gl_grafo2663.12.gml.cnf,1.0,SAT
gl_grafo2665.12.gml.cnf,0,SAT
gl_grafo2668.12.gml.cnf,0,SAT
gl_grafo2669.13.gml.cnf,1.0,SAT
gl_grafo267.11.gml.cnf,0,SAT
gl_grafo2670.20.gml.cnf,1.0,SAT
gl_grafo2673.11.gml.cnf,0,SAT
gl_grafo2674.18.gml.cnf,1.0,SAT
gl_grafo2675.12.gml.cnf,0,SAT
gl_grafo2679.17.gml.cnf,1.0,SAT
gl_grafo268.15.gml.cnf,0,SAT
gl_grafo2680.17.gml.cnf,0,SAT
gl_grafo2681.15.gml.cnf,0,SAT
gl_grafo2682.17.gml.cnf,0,SAT
gl_grafo2683.13.gml.cnf,0,SAT
gl_grafo2688.17.gml.cnf,0,SAT
gl_grafo269.12.gml.cnf,1.0,SAT
gl_grafo2693.13.gml.cnf,0,SAT
gl_grafo2697.16.gml.cnf,1.0,SAT
gl_grafo2698.16.gml.cnf,0,SAT
gl_grafo270.20.gml.cnf,0,SAT
gl_grafo2701.20.gml.cnf,2.0,SAT
gl_grafo2705.15.gml.cnf,0,SAT
gl_grafo2706.13.gml.cnf,0,SAT
gl_grafo2707.12.gml.cnf,0,SAT
gl_grafo2709.15.gml.cnf,1.0,SAT
gl_grafo2714.11.gml.cnf,0,SAT
gl_grafo2715.18.gml.cnf,0,SAT
gl_grafo2716.14.gml.cnf,0,SAT
gl_grafo2717.17.gml.cnf,0,SAT
gl_grafo2718.20.gml.cnf,3.0,SAT
gl_grafo272.14.gml.cnf,0,SAT
gl_grafo2720.14.gml.cnf,0,SAT
gl_grafo2723.18.gml.cnf,1.0,SAT
gl_grafo2728.16.gml.cnf,0,SAT
gl_grafo273.11.gml.cnf,0,SAT
gl_grafo2730.15.gml.cnf,0,SAT
gl_grafo2731.18.gml.cnf,1.0,SAT
gl_grafo2733.14.gml.cnf,0,SAT
gl_grafo2736.16.gml.cnf,0,SAT
gl_grafo2738.14.gml.cnf,0,SAT
gl_grafo274.17.gml.cnf,1.0,SAT
gl_grafo2740.15.gml.cnf,0,SAT
gl_grafo2744.18.gml.cnf,1.0,SAT
gl_grafo2745.17.gml.cnf,1.0,SAT
gl_grafo2747.16.gml.cnf,0,SAT
gl_grafo275.16.gml.cnf,1.0,SAT
gl_grafo2750.17.gml.cnf,0,SAT
gl_grafo2751.16.gml.cnf,1.0,SAT
gl_grafo2752.15.gml.cnf,0,SAT
gl_grafo2753.18.gml.cnf,0,SAT
gl_grafo2754.16.gml.cnf,1.0,SAT
gl_grafo2758.17.gml.cnf,1.0,SAT
gl_grafo2759.16.gml.cnf,0,SAT
gl_grafo276.17.gml.cnf,0,SAT
gl_grafo2763.20.gml.cnf,2.0,SAT
gl_grafo2764.16.gml.cnf,1.0,SAT
gl_grafo2765.18.gml.cnf,0,SAT
gl_grafo2767.20.gml.cnf,2.0,SAT
gl_grafo2768.18.gml.cnf,0,SAT
gl_grafo277.13.gml.cnf,0,SAT
gl_grafo2772.14.gml.cnf,0,SAT
gl_grafo2773.14.gml.cnf,1.0,SAT
gl_grafo2776.20.gml.cnf,2.0,SAT
gl_grafo278.12.gml.cnf,0,SAT
gl_grafo2780.17.gml.cnf,1.0,SAT
gl_grafo2782.17.gml.cnf,0,SAT
gl_grafo2783.15.gml.cnf,0,SAT
gl_grafo2784.16.gml.cnf,0,SAT
gl_grafo2785.14.gml.cnf,0,SAT
gl_grafo279.16.gml.cnf,0,SAT
gl_grafo2790.16.gml.cnf,0,SAT
gl_grafo2791.15.gml.cnf,1.0,SAT
gl_grafo2792.11.gml.cnf,0,SAT
gl_grafo2796.19.gml.cnf,0,SAT
gl_grafo2797.15.gml.cnf,0,SAT
gl_grafo2798.16.gml.cnf,0,SAT
gl_grafo2799.16.gml.cnf,0,SAT
gl_grafo280.11.gml.cnf,1.0,SAT
gl_grafo2802.17.gml.cnf,0,SAT
gl_grafo2803.14.gml.cnf,0,SAT
gl_grafo2804.19.gml.cnf,2.0,SAT
gl_grafo2805.18.gml.cnf,1.0,SAT
gl_grafo2806.15.gml.cnf,0,SAT
gl_grafo2809.11.gml.cnf,1.0,SAT
gl_grafo281.14.gml.cnf,0,SAT
gl_grafo2810.12.gml.cnf,0,SAT
gl_grafo2812.11.gml.cnf,0,SAT
gl_grafo2816.18.gml.cnf,1.0,SAT
gl_grafo2817.15.gml.cnf,0,SAT
gl_grafo2818.18.gml.cnf,1.0,SAT
gl_grafo282.14.gml.cnf,0,SAT
gl_grafo2820.14.gml.cnf,0,SAT
gl_grafo2823.17.gml.cnf,1.0,SAT
gl_grafo2824.12.gml.cnf,0,SAT
gl_grafo2825.18.gml.cnf,0,SAT
gl_grafo2829.17.gml.cnf,1.0,SAT
gl_grafo2830.14.gml.cnf,1.0,SAT
gl_grafo2832.13.gml.cnf,0,SAT
gl_grafo2835.17.gml.cnf,0,SAT
gl_grafo2841.17.gml.cnf,0,SAT
gl_grafo2842.13.gml.cnf,0,SAT
gl_grafo2844.19.gml.cnf,2.0,SAT
gl_grafo2845.14.gml.cnf,0,SAT
gl_grafo2847.18.gml.cnf,1.0,SAT
gl_grafo2849.17.gml.cnf,0,SAT
gl_grafo285.14.gml.cnf,1.0,SAT
gl_grafo2850.14.gml.cnf,0,SAT
gl_grafo2852.16.gml.cnf,0,SAT
gl_grafo2855.12.gml.cnf,0,SAT
gl_grafo2856.16.gml.cnf,1.0,SAT
gl_grafo2858.19.gml.cnf,0,SAT
gl_grafo286.18.gml.cnf,1.0,SAT
gl_grafo2860.18.gml.cnf,0,SAT
gl_grafo2861.16.gml.cnf,1.0,SAT
gl_grafo2862.17.gml.cnf,0,SAT
gl_grafo2866.17.gml.cnf,1.0,SAT
gl_grafo2867.12.gml.cnf,0,SAT
gl_grafo2868.17.gml.cnf,1.0,SAT
gl_grafo287.19.gml.cnf,1.0,SAT
gl_grafo2870.14.gml.cnf,1.0,SAT
gl_grafo2871.17.gml.cnf,0,SAT
gl_grafo2872.13.gml.cnf,1.0,SAT
gl_grafo2878.19.gml.cnf,1.0,SAT
gl_grafo288.15.gml.cnf,0,SAT
gl_grafo2880.16.gml.cnf,1.0,SAT
gl_grafo2882.17.gml.cnf,2.0,SAT
gl_grafo2883.15.gml.cnf,0,SAT
gl_grafo2884.18.gml.cnf,0,SAT
gl_grafo2885.16.gml.cnf,1.0,SAT
gl_grafo2887.15.gml.cnf,0,SAT
gl_grafo2889.18.gml.cnf,0,SAT
gl_grafo2890.12.gml.cnf,0,SAT
gl_grafo2891.17.gml.cnf,0,SAT
gl_grafo2893.16.gml.cnf,1.0,SAT
gl_grafo2894.13.gml.cnf,0,SAT
gl_grafo2895.15.gml.cnf,0,SAT
gl_grafo2896.10.gml.cnf,0,SAT
gl_grafo2898.14.gml.cnf,0,SAT
gl_grafo290.18.gml.cnf,1.0,SAT
gl_grafo2900.14.gml.cnf,0,SAT
gl_grafo2901.13.gml.cnf,0,SAT
gl_grafo2902.17.gml.cnf,1.0,SAT
gl_grafo2903.15.gml.cnf,0,SAT
gl_grafo2907.18.gml.cnf,1.0,SAT
gl_grafo2908.13.gml.cnf,0,SAT
gl_grafo291.20.gml.cnf,2.0,SAT
gl_grafo2910.14.gml.cnf,0,SAT
gl_grafo2911.15.gml.cnf,0,SAT
gl_grafo2916.16.gml.cnf,0,SAT
gl_grafo2917.14.gml.cnf,1.0,SAT
gl_grafo2918.16.gml.cnf,0,SAT
gl_grafo2919.14.gml.cnf,0,SAT
gl_grafo292.16.gml.cnf,0,SAT
gl_grafo2921.15.gml.cnf,0,SAT
gl_grafo2922.20.gml.cnf,1.0,SAT
gl_grafo2924.17.gml.cnf,1.0,SAT
gl_grafo2926.14.gml.cnf,0,SAT
gl_grafo2927.13.gml.cnf,0,SAT
gl_grafo2928.15.gml.cnf,0,SAT
gl_grafo293.17.gml.cnf,0,SAT
gl_grafo2931.11.gml.cnf,1.0,SAT
gl_grafo2933.16.gml.cnf,1.0,SAT
gl_grafo2934.19.gml.cnf,0,SAT
gl_grafo2935.11.gml.cnf,0,SAT
gl_grafo2936.12.gml.cnf,1.0,SAT
gl_grafo2938.12.gml.cnf,0,SAT
gl_grafo2939.19.gml.cnf,0,SAT
gl_grafo2940.19.gml.cnf,0,SAT
gl_grafo2944.12.gml.cnf,0,SAT
gl_grafo2946.11.gml.cnf,0,SAT
gl_grafo2949.12.gml.cnf,0,SAT
gl_grafo295.15.gml.cnf,0,SAT
gl_grafo2951.19.gml.cnf,1.0,SAT
gl_grafo2953.11.gml.cnf,0,SAT
gl_grafo2964.11.gml.cnf,0,SAT
gl_grafo297.15.gml.cnf,1.0,SAT
gl_grafo2971.11.gml.cnf,0,SAT
gl_grafo2976.18.gml.cnf,0,SAT
gl_grafo2979.11.gml.cnf,0,SAT
gl_grafo298.20.gml.cnf,0,SAT
gl_grafo2987.17.gml.cnf,0,SAT
gl_grafo2989.20.gml.cnf,1.0,SAT
gl_grafo299.19.gml.cnf,4.0,SAT
gl_grafo2995.20.gml.cnf,0,SAT
gl_grafo2998.18.gml.cnf,1.0,SAT
gl_grafo300.13.gml.cnf,0,SAT
gl_grafo3009.17.gml.cnf,1.0,SAT
gl_grafo301.17.gml.cnf,0,SAT
gl_grafo3010.19.gml.cnf,3.0,SAT
gl_grafo3017.20.gml.cnf,2.0,SAT
gl_grafo302.17.gml.cnf,0,SAT
gl_grafo3024.10.gml.cnf,0,SAT
gl_grafo303.11.gml.cnf,0,SAT
gl_grafo3031.16.gml.cnf,1.0,SAT
gl_grafo304.15.gml.cnf,0,SAT
gl_grafo3042.14.gml.cnf,0,SAT
gl_grafo3049.20.gml.cnf,1.0,SAT
gl_grafo305.16.gml.cnf,1.0,SAT
gl_grafo3051.20.gml.cnf,1.0,SAT
gl_grafo3052.20.gml.cnf,3.0,SAT
gl_grafo3054.18.gml.cnf,1.0,SAT
gl_grafo306.18.gml.cnf,0,SAT
gl_grafo3065.17.gml.cnf,1.0,SAT
gl_grafo307.13.gml.cnf,0,SAT
gl_grafo3073.11.gml.cnf,0,SAT
gl_grafo308.14.gml.cnf,0,SAT
gl_grafo3087.14.gml.cnf,1.0,SAT
gl_grafo3091.11.gml.cnf,0,SAT
gl_grafo3097.11.gml.cnf,0,SAT
gl_grafo3098.18.gml.cnf,2.0,SAT
gl_grafo310.14.gml.cnf,0,SAT
gl_grafo3101.11.gml.cnf,0,SAT
gl_grafo311.16.gml.cnf,0,SAT
gl_grafo3112.13.gml.cnf,0,SAT
gl_grafo3113.11.gml.cnf,0,SAT
gl_grafo313.11.gml.cnf,0,SAT
gl_grafo314.18.gml.cnf,2.0,SAT
gl_grafo315.14.gml.cnf,0,SAT
gl_grafo316.11.gml.cnf,0,SAT
gl_grafo317.13.gml.cnf,0,SAT
gl_grafo318.20.gml.cnf,1.0,SAT
gl_grafo321.15.gml.cnf,0,SAT
gl_grafo322.16.gml.cnf,0,SAT
gl_grafo323.15.gml.cnf,0,SAT
gl_grafo324.11.gml.cnf,0,SAT
gl_grafo325.13.gml.cnf,0,SAT
gl_grafo326.14.gml.cnf,0,SAT
gl_grafo327.10.gml.cnf,0,SAT
gl_grafo328.10.gml.cnf,0,SAT
gl_grafo329.17.gml.cnf,0,SAT
gl_grafo330.15.gml.cnf,0,SAT
gl_grafo331.15.gml.cnf,1.0,SAT
gl_grafo333.19.gml.cnf,0,SAT
gl_grafo334.12.gml.cnf,0,SAT
gl_grafo335.13.gml.cnf,0,SAT
gl_grafo337.15.gml.cnf,1.0,SAT
gl_grafo338.15.gml.cnf,1.0,SAT
gl_grafo339.18.gml.cnf,0,SAT
gl_grafo340.15.gml.cnf,0,SAT
gl_grafo342.16.gml.cnf,0,SAT
gl_grafo343.14.gml.cnf,0,SAT
gl_grafo345.14.gml.cnf,1.0,SAT
gl_grafo346.19.gml.cnf,1.0,SAT
gl_grafo347.13.gml.cnf,0,SAT
gl_grafo348.20.gml.cnf,1.0,SAT
gl_grafo349.13.gml.cnf,0,SAT
gl_grafo351.13.gml.cnf,1.0,SAT
gl_grafo352.12.gml.cnf,0,SAT
gl_grafo353.13.gml.cnf,0,SAT
gl_grafo354.12.gml.cnf,0,SAT
gl_grafo355.14.gml.cnf,0,SAT
gl_grafo356.19.gml.cnf,1.0,SAT
gl_grafo357.14.gml.cnf,0,SAT
gl_grafo360.17.gml.cnf,1.0,SAT
gl_grafo361.13.gml.cnf,0,SAT
gl_grafo362.19.gml.cnf,3.0,SAT
gl_grafo363.10.gml.cnf,0,SAT
gl_grafo364.14.gml.cnf,0,SAT
gl_grafo366.16.gml.cnf,0,SAT
gl_grafo367.14.gml.cnf,1.0,SAT
gl_grafo368.11.gml.cnf,0,SAT
gl_grafo369.20.gml.cnf,0,SAT
gl_grafo370.14.gml.cnf,1.0,SAT
gl_grafo371.14.gml.cnf,0,SAT
gl_grafo373.13.gml.cnf,0,SAT
gl_grafo374.18.gml.cnf,1.0,SAT
gl_grafo375.17.gml.cnf,0,SAT
gl_grafo376.10.gml.cnf,0,SAT
gl_grafo377.13.gml.cnf,0,SAT
gl_grafo378.14.gml.cnf,1.0,SAT
gl_grafo379.15.gml.cnf,0,SAT
gl_grafo382.15.gml.cnf,0,SAT
gl_grafo383.12.gml.cnf,0,SAT
gl_grafo384.19.gml.cnf,0,SAT
gl_grafo385.17.gml.cnf,1.0,SAT
gl_grafo386.15.gml.cnf,1.0,SAT
gl_grafo387.13.gml.cnf,0,SAT
gl_grafo388.13.gml.cnf,0,SAT
gl_grafo389.19.gml.cnf,1.0,SAT
gl_grafo390.13.gml.cnf,0,SAT
gl_grafo391.15.gml.cnf,0,SAT
gl_grafo392.13.gml.cnf,0,SAT
gl_grafo393.13.gml.cnf,0,SAT
gl_grafo394.11.gml.cnf,0,SAT
gl_grafo396.15.gml.cnf,1.0,SAT
gl_grafo397.11.gml.cnf,0,SAT
gl_grafo399.15.gml.cnf,0,SAT
gl_grafo400.16.gml.cnf,0,SAT
gl_grafo401.11.gml.cnf,1.0,SAT
gl_grafo402.10.gml.cnf,0,SAT
gl_grafo403.14.gml.cnf,0,SAT
gl_grafo404.12.gml.cnf,0,SAT
gl_grafo405.16.gml.cnf,0,SAT
gl_grafo406.13.gml.cnf,1.0,SAT
gl_grafo407.10.gml.cnf,0,SAT
gl_grafo408.11.gml.cnf,0,SAT
gl_grafo409.19.gml.cnf,1.0,SAT
gl_grafo410.14.gml.cnf,0,SAT
gl_grafo411.16.gml.cnf,1.0,SAT
gl_grafo413.20.gml.cnf,0,SAT
gl_grafo414.14.gml.cnf,0,SAT
gl_grafo415.17.gml.cnf,1.0,SAT
gl_grafo416.18.gml.cnf,2.0,SAT
gl_grafo417.13.gml.cnf,0,SAT
gl_grafo418.16.gml.cnf,1.0,SAT
gl_grafo419.15.gml.cnf,0,SAT
gl_grafo420.17.gml.cnf,1.0,SAT
gl_grafo421.16.gml.cnf,0,SAT
gl_grafo422.17.gml.cnf,0,SAT
gl_grafo423.19.gml.cnf,2.0,SAT
gl_grafo424.18.gml.cnf,0,SAT
gl_grafo425.13.gml.cnf,0,SAT
gl_grafo426.19.gml.cnf,3.0,SAT
gl_grafo428.19.gml.cnf,0,SAT
gl_grafo429.20.gml.cnf,2.0,SAT
gl_grafo430.13.gml.cnf,0,SAT
gl_grafo431.13.gml.cnf,0,SAT
gl_grafo432.19.gml.cnf,1.0,SAT
gl_grafo434.20.gml.cnf,2.0,SAT
gl_grafo435.12.gml.cnf,0,SAT
gl_grafo436.12.gml.cnf,0,SAT
gl_grafo437.12.gml.cnf,0,SAT
gl_grafo439.11.gml.cnf,0,SAT
gl_grafo440.13.gml.cnf,0,SAT
gl_grafo441.11.gml.cnf,1.0,SAT
gl_grafo442.12.gml.cnf,0,SAT
gl_grafo443.13.gml.cnf,0,SAT
gl_grafo444.16.gml.cnf,1.0,SAT
gl_grafo446.17.gml.cnf,0,SAT
gl_grafo447.14.gml.cnf,0,SAT
gl_grafo448.11.gml.cnf,0,SAT
gl_grafo449.18.gml.cnf,1.0,SAT
gl_grafo452.14.gml.cnf,0,SAT
gl_grafo453.12.gml.cnf,0,SAT
gl_grafo454.17.gml.cnf,0,SAT
gl_grafo455.10.gml.cnf,1.0,SAT
gl_grafo457.12.gml.cnf,0,SAT
gl_grafo458.14.gml.cnf,0,SAT
gl_grafo459.17.gml.cnf,1.0,SAT
gl_grafo460.10.gml.cnf,0,SAT
gl_grafo461.10.gml.cnf,0,SAT
gl_grafo462.10.gml.cnf,0,SAT
gl_grafo463.15.gml.cnf,0,SAT
gl_grafo464.17.gml.cnf,2.0,SAT
gl_grafo465.10.gml.cnf,0,SAT
gl_grafo466.10.gml.cnf,0,SAT
gl_grafo467.15.gml.cnf,0,SAT
gl_grafo468.19.gml.cnf,1.0,SAT
gl_grafo469.18.gml.cnf,0,SAT
gl_grafo470.17.gml.cnf,0,SAT
gl_grafo471.18.gml.cnf,1.0,SAT
gl_grafo472.12.gml.cnf,0,SAT
gl_grafo473.10.gml.cnf,0,SAT
gl_grafo474.10.gml.cnf,0,SAT
gl_grafo475.15.gml.cnf,0,SAT
gl_grafo476.19.gml.cnf,6.0,SAT
gl_grafo477.13.gml.cnf,0,SAT
gl_grafo479.17.gml.cnf,0,SAT
gl_grafo480.15.gml.cnf,0,SAT
gl_grafo482.13.gml.cnf,0,SAT
gl_grafo483.15.gml.cnf,1.0,SAT
gl_grafo485.16.gml.cnf,0,SAT
gl_grafo486.13.gml.cnf,0,SAT
gl_grafo487.14.gml.cnf,1.0,SAT
gl_grafo489.14.gml.cnf,0,SAT
gl_grafo491.12.gml.cnf,0,SAT
gl_grafo492.18.gml.cnf,0,SAT
gl_grafo493.12.gml.cnf,0,SAT
gl_grafo494.13.gml.cnf,1.0,SAT
gl_grafo495.20.gml.cnf,0,SAT
gl_grafo496.15.gml.cnf,0,SAT
gl_grafo497.15.gml.cnf,0,SAT
gl_grafo498.12.gml.cnf,1.0,SAT
gl_grafo500.15.gml.cnf,0,SAT
gl_grafo501.13.gml.cnf,0,SAT
gl_grafo502.20.gml.cnf,1.0,SAT
gl_grafo503.11.gml.cnf,0,SAT
gl_grafo505.13.gml.cnf,0,SAT
gl_grafo508.20.gml.cnf,1.0,SAT
gl_grafo510.13.gml.cnf,0,SAT
gl_grafo511.13.gml.cnf,0,SAT
gl_grafo512.16.gml.cnf,0,SAT
gl_grafo513.10.gml.cnf,0,SAT
gl_grafo514.13.gml.cnf,0,SAT
gl_grafo515.11.gml.cnf,1.0,SAT
gl_grafo516.15.gml.cnf,0,SAT
gl_grafo517.17.gml.cnf,1.0,SAT
gl_grafo518.15.gml.cnf,0,SAT
gl_grafo519.12.gml.cnf,0,SAT
gl_grafo520.14.gml.cnf,0,SAT
gl_grafo521.20.gml.cnf,1.0,SAT
gl_grafo523.20.gml.cnf,1.0,SAT
gl_grafo524.14.gml.cnf,0,SAT
gl_grafo525.16.gml.cnf,0,SAT
gl_grafo526.12.gml.cnf,0,SAT
gl_grafo527.17.gml.cnf,1.0,SAT
gl_grafo528.18.gml.cnf,0,SAT
gl_grafo529.16.gml.cnf,1.0,SAT
gl_grafo530.13.gml.cnf,0,SAT
gl_grafo531.17.gml.cnf,0,SAT
gl_grafo532.11.gml.cnf,0,SAT
gl_grafo533.11.gml.cnf,0,SAT
gl_grafo534.15.gml.cnf,1.0,SAT
gl_grafo535.20.gml.cnf,1.0,SAT
gl_grafo536.14.gml.cnf,0,SAT
gl_grafo538.18.gml.cnf,1.0,SAT
gl_grafo540.16.gml.cnf,0,SAT
gl_grafo541.10.gml.cnf,0,SAT
gl_grafo542.12.gml.cnf,1.0,SAT
gl_grafo543.12.gml.cnf,0,SAT
gl_grafo546.12.gml.cnf,0,SAT
gl_grafo547.16.gml.cnf,0,SAT
gl_grafo548.13.gml.cnf,0,SAT
gl_grafo549.15.gml.cnf,0,SAT
gl_grafo550.15.gml.cnf,1.0,SAT
gl_grafo553.16.gml.cnf,1.0,SAT
gl_grafo554.10.gml.cnf,0,SAT
gl_grafo555.12.gml.cnf,0,SAT
gl_grafo556.15.gml.cnf,0,SAT
gl_grafo557.11.gml.cnf,0,SAT
gl_grafo558.15.gml.cnf,0,SAT
gl_grafo559.13.gml.cnf,1.0,SAT
gl_grafo560.18.gml.cnf,0,SAT
gl_grafo561.20.gml.cnf,1.0,SAT
gl_grafo562.14.gml.cnf,0,SAT
gl_grafo563.19.gml.cnf,0,SAT
gl_grafo564.12.gml.cnf,0,SAT
gl_grafo565.17.gml.cnf,1.0,SAT
gl_grafo566.18.gml.cnf,0,SAT
gl_grafo567.14.gml.cnf,0,SAT
gl_grafo568.20.gml.cnf,1.0,SAT
gl_grafo570.16.gml.cnf,1.0,SAT
gl_grafo571.12.gml.cnf,0,SAT
gl_grafo572.17.gml.cnf,0,SAT
gl_grafo573.13.gml.cnf,0,SAT
gl_grafo574.12.gml.cnf,0,SAT
gl_grafo576.12.gml.cnf,1.0,SAT
gl_grafo577.13.gml.cnf,0,SAT
gl_grafo582.15.gml.cnf,0,SAT
gl_grafo583.15.gml.cnf,0,SAT
gl_grafo585.15.gml.cnf,0,SAT
gl_grafo586.10.gml.cnf,0,SAT
gl_grafo587.10.gml.cnf,0,SAT
gl_grafo588.19.gml.cnf,3.0,SAT
gl_grafo589.12.gml.cnf,0,SAT
gl_grafo590.15.gml.cnf,0,SAT
gl_grafo592.14.gml.cnf,0,SAT
gl_grafo593.12.gml.cnf,1.0,SAT
gl_grafo594.11.gml.cnf,0,SAT
gl_grafo595.13.gml.cnf,0,SAT
gl_grafo596.14.gml.cnf,0,SAT
gl_grafo597.17.gml.cnf,1.0,SAT
gl_grafo599.18.gml.cnf,0,SAT
gl_grafo600.19.gml.cnf,2.0,SAT
gl_grafo601.19.gml.cnf,1.0,SAT
gl_grafo602.15.gml.cnf,1.0,SAT
gl_grafo604.12.gml.cnf,0,SAT
gl_grafo607.15.gml.cnf,0,SAT
gl_grafo608.13.gml.cnf,0,SAT
gl_grafo609.12.gml.cnf,0,SAT
gl_grafo611.12.gml.cnf,1.0,SAT
gl_grafo612.11.gml.cnf,0,SAT
gl_grafo613.10.gml.cnf,0,SAT
gl_grafo615.15.gml.cnf,0,SAT
gl_grafo616.19.gml.cnf,0,SAT
gl_grafo617.17.gml.cnf,0,SAT
gl_grafo618.13.gml.cnf,1.0,SAT
gl_grafo619.13.gml.cnf,0,SAT
gl_grafo621.19.gml.cnf,0,SAT
gl_grafo623.13.gml.cnf,0,SAT
gl_grafo624.17.gml.cnf,1.0,SAT
gl_grafo625.14.gml.cnf,0,SAT
gl_grafo626.11.gml.cnf,0,SAT
gl_grafo628.14.gml.cnf,0,SAT
gl_grafo629.14.gml.cnf,0,SAT
gl_grafo631.16.gml.cnf,1.0,SAT
gl_grafo632.13.gml.cnf,0,SAT
gl_grafo633.10.gml.cnf,0,SAT
gl_grafo635.13.gml.cnf,0,SAT
gl_grafo637.13.gml.cnf,1.0,SAT
gl_grafo638.12.gml.cnf,0,SAT
gl_grafo639.14.gml.cnf,0,SAT
gl_grafo640.16.gml.cnf,0,SAT
gl_grafo642.14.gml.cnf,0,SAT
gl_grafo643.12.gml.cnf,0,SAT
gl_grafo644.14.gml.cnf,0,SAT
gl_grafo645.17.gml.cnf,0,SAT
gl_grafo649.14.gml.cnf,0,SAT
gl_grafo650.12.gml.cnf,1.0,SAT
gl_grafo651.16.gml.cnf,0,SAT
gl_grafo652.14.gml.cnf,0,SAT
gl_grafo653.12.gml.cnf,0,SAT
gl_grafo657.15.gml.cnf,0,SAT
gl_grafo658.15.gml.cnf,1.0,SAT
gl_grafo659.14.gml.cnf,0,SAT
gl_grafo660.13.gml.cnf,0,SAT
gl_grafo661.16.gml.cnf,0,SAT
gl_grafo662.14.gml.cnf,0,SAT
gl_grafo663.19.gml.cnf,1.0,SAT
gl_grafo665.13.gml.cnf,0,SAT
gl_grafo666.12.gml.cnf,0,SAT
gl_grafo667.12.gml.cnf,1.0,SAT
gl_grafo668.16.gml.cnf,0,SAT
gl_grafo669.12.gml.cnf,0,SAT
gl_grafo670.15.gml.cnf,0,SAT
gl_grafo671.13.gml.cnf,1.0,SAT
gl_grafo673.18.gml.cnf,0,SAT
gl_grafo674.15.gml.cnf,1.0,SAT
gl_grafo675.11.gml.cnf,0,SAT
gl_grafo676.11.gml.cnf,0,SAT
gl_grafo677.17.gml.cnf,1.0,SAT
gl_grafo678.17.gml.cnf,0,SAT
gl_grafo679.20.gml.cnf,1.0,SAT
gl_grafo682.16.gml.cnf,0,SAT
gl_grafo684.12.gml.cnf,1.0,SAT
gl_grafo685.11.gml.cnf,0,SAT
gl_grafo687.14.gml.cnf,0,SAT
gl_grafo688.10.gml.cnf,0,SAT
gl_grafo689.10.gml.cnf,0,SAT
gl_grafo690.11.gml.cnf,0,SAT
gl_grafo691.12.gml.cnf,0,SAT
gl_grafo693.16.gml.cnf,0,SAT
gl_grafo696.12.gml.cnf,1.0,SAT
gl_grafo697.15.gml.cnf,0,SAT
gl_grafo698.20.gml.cnf,0,SAT
gl_grafo699.14.gml.cnf,0,SAT
gl_grafo700.14.gml.cnf,1.0,SAT
gl_grafo701.14.gml.cnf,0,SAT
gl_grafo702.12.gml.cnf,0,SAT
gl_grafo703.19.gml.cnf,13.0,SAT
gl_grafo704.17.gml.cnf,1.0,SAT
gl_grafo705.16.gml.cnf,0,SAT
gl_grafo706.18.gml.cnf,1.0,SAT
gl_grafo707.15.gml.cnf,0,SAT
gl_grafo709.17.gml.cnf,0,SAT
gl_grafo710.15.gml.cnf,1.0,SAT
gl_grafo711.13.gml.cnf,0,SAT
gl_grafo713.12.gml.cnf,0,SAT
gl_grafo714.13.gml.cnf,0,SAT
gl_grafo716.13.gml.cnf,0,SAT
gl_grafo717.10.gml.cnf,0,SAT
gl_grafo718.10.gml.cnf,0,SAT
gl_grafo719.14.gml.cnf,0,SAT
gl_grafo720.14.gml.cnf,0,SAT
gl_grafo721.17.gml.cnf,0,SAT
gl_grafo722.15.gml.cnf,1.0,SAT
gl_grafo723.17.gml.cnf,0,SAT
gl_grafo724.18.gml.cnf,3.0,SAT
gl_grafo725.15.gml.cnf,1.0,SAT
gl_grafo726.14.gml.cnf,0,SAT
gl_grafo727.13.gml.cnf,1.0,SAT
gl_grafo729.15.gml.cnf,0,SAT
gl_grafo730.12.gml.cnf,0,SAT
gl_grafo731.14.gml.cnf,0,SAT
gl_grafo734.14.gml.cnf,0,SAT
gl_grafo735.15.gml.cnf,0,SAT
gl_grafo736.13.gml.cnf,0,SAT
gl_grafo737.14.gml.cnf,0,SAT
gl_grafo738.12.gml.cnf,0,SAT
gl_grafo739.15.gml.cnf,0,SAT
gl_grafo740.11.gml.cnf,0,SAT
gl_grafo741.14.gml.cnf,0,SAT
gl_grafo742.13.gml.cnf,1.0,SAT
gl_grafo746.13.gml.cnf,0,SAT
gl_grafo747.12.gml.cnf,0,SAT
gl_grafo748.11.gml.cnf,0,SAT
gl_grafo749.11.gml.cnf,0,SAT
gl_grafo750.12.gml.cnf,0,SAT
gl_grafo751.11.gml.cnf,0,SAT
gl_grafo754.16.gml.cnf,1.0,SAT
gl_grafo755.20.gml.cnf,0,SAT
gl_grafo756.12.gml.cnf,1.0,SAT
gl_grafo757.16.gml.cnf,0,SAT
gl_grafo758.10.gml.cnf,0,SAT
gl_grafo759.11.gml.cnf,0,SAT
gl_grafo760.13.gml.cnf,0,SAT
gl_grafo761.13.gml.cnf,0,SAT
gl_grafo763.18.gml.cnf,0,SAT
gl_grafo766.12.gml.cnf,1.0,SAT
gl_grafo769.14.gml.cnf,0,SAT
gl_grafo770.12.gml.cnf,0,SAT
gl_grafo771.19.gml.cnf,2.0,SAT
gl_grafo772.11.gml.cnf,0,SAT
gl_grafo773.12.gml.cnf,1.0,SAT
gl_grafo774.17.gml.cnf,0,SAT
gl_grafo775.17.gml.cnf,0,SAT
gl_grafo777.14.gml.cnf,1.0,SAT
gl_grafo778.15.gml.cnf,0,SAT
gl_grafo779.13.gml.cnf,0,SAT
gl_grafo780.15.gml.cnf,0,SAT
gl_grafo781.12.gml.cnf,0,SAT
gl_grafo782.10.gml.cnf,0,SAT
gl_grafo783.15.gml.cnf,1.0,SAT
gl_grafo784.18.gml.cnf,0,SAT
gl_grafo785.16.gml.cnf,1.0,SAT
gl_grafo786.20.gml.cnf,0,SAT
gl_grafo787.15.gml.cnf,0,SAT
gl_grafo788.16.gml.cnf,0,SAT
gl_grafo790.17.gml.cnf,1.0,SAT
gl_grafo791.13.gml.cnf,0,SAT
gl_grafo792.13.gml.cnf,0,SAT
gl_grafo793.13.gml.cnf,0,SAT
gl_grafo794.19.gml.cnf,1.0,SAT
gl_grafo795.14.gml.cnf,0,SAT
gl_grafo796.14.gml.cnf,1.0,SAT
gl_grafo797.14.gml.cnf,0,SAT
gl_grafo800.12.gml.cnf,0,SAT
gl_grafo801.13.gml.cnf,0,SAT
gl_grafo802.17.gml.cnf,0,SAT
gl_grafo803.15.gml.cnf,0,SAT
gl_grafo805.13.gml.cnf,1.0,SAT
gl_grafo806.15.gml.cnf,0,SAT
gl_grafo807.12.gml.cnf,0,SAT
gl_grafo808.12.gml.cnf,0,SAT
gl_grafo809.15.gml.cnf,1.0,SAT
gl_grafo810.16.gml.cnf,1.0,SAT
gl_grafo811.14.gml.cnf,0,SAT
gl_grafo812.14.gml.cnf,0,SAT
gl_grafo813.13.gml.cnf,0,SAT
gl_grafo814.14.gml.cnf,0,SAT
gl_grafo815.15.gml.cnf,0,SAT
gl_grafo816.17.gml.cnf,0,SAT
gl_grafo817.18.gml.cnf,0,SAT
gl_grafo818.13.gml.cnf,0,SAT
gl_grafo820.18.gml.cnf,0,SAT
gl_grafo821.16.gml.cnf,0,SAT
gl_grafo822.11.gml.cnf,1.0,SAT
gl_grafo823.16.gml.cnf,0,SAT
gl_grafo824.12.gml.cnf,1.0,SAT
gl_grafo825.15.gml.cnf,0,SAT
gl_grafo827.12.gml.cnf,0,SAT
gl_grafo829.17.gml.cnf,0,SAT
gl_grafo831.16.gml.cnf,1.0,SAT
gl_grafo833.13.gml.cnf,0,SAT
gl_grafo834.11.gml.cnf,0,SAT
gl_grafo836.10.gml.cnf,0,SAT
gl_grafo837.10.gml.cnf,0,SAT
gl_grafo838.16.gml.cnf,1.0,SAT
gl_grafo839.14.gml.cnf,0,SAT
gl_grafo840.17.gml.cnf,1.0,SAT
gl_grafo841.14.gml.cnf,0,SAT
gl_grafo843.14.gml.cnf,0,SAT
gl_grafo844.12.gml.cnf,0,SAT
gl_grafo845.16.gml.cnf,1.0,SAT
gl_grafo848.13.gml.cnf,1.0,SAT
gl_grafo849.11.gml.cnf,0,SAT
gl_grafo850.12.gml.cnf,0,SAT
gl_grafo851.17.gml.cnf,0,SAT
gl_grafo852.19.gml.cnf,1.0,SAT
gl_grafo853.16.gml.cnf,0,SAT
gl_grafo854.12.gml.cnf,0,SAT
gl_grafo855.15.gml.cnf,1.0,SAT
gl_grafo856.11.gml.cnf,0,SAT
gl_grafo857.11.gml.cnf,0,SAT
gl_grafo861.12.gml.cnf,0,SAT
gl_grafo863.18.gml.cnf,0,SAT
gl_grafo864.16.gml.cnf,0,SAT
gl_grafo866.19.gml.cnf,1.0,SAT
gl_grafo867.12.gml.cnf,0,SAT
gl_grafo868.12.gml.cnf,1.0,SAT
gl_grafo869.10.gml.cnf,0,SAT
gl_grafo870.10.gml.cnf,0,SAT
gl_grafo871.14.gml.cnf,0,SAT
gl_grafo873.20.gml.cnf,0,SAT
gl_grafo874.20.gml.cnf,1.0,SAT
gl_grafo875.20.gml.cnf,0,SAT
gl_grafo877.16.gml.cnf,0,SAT
gl_grafo878.13.gml.cnf,0,SAT
gl_grafo879.15.gml.cnf,1.0,SAT
gl_grafo880.17.gml.cnf,0,SAT
gl_grafo881.10.gml.cnf,0,SAT
gl_grafo883.14.gml.cnf,0,SAT
gl_grafo884.17.gml.cnf,1.0,SAT
gl_grafo885.18.gml.cnf,0,SAT
gl_grafo886.15.gml.cnf,0,SAT
gl_grafo887.13.gml.cnf,0,SAT
gl_grafo888.12.gml.cnf,1.0,SAT
gl_grafo890.13.gml.cnf,0,SAT
gl_grafo891.13.gml.cnf,0,SAT
gl_grafo893.17.gml.cnf,1.0,SAT
gl_grafo894.16.gml.cnf,0,SAT
gl_grafo895.12.gml.cnf,0,SAT
gl_grafo896.16.gml.cnf,0,SAT
gl_grafo897.12.gml.cnf,0,SAT
gl_grafo898.10.gml.cnf,0,SAT
gl_grafo899.14.gml.cnf,0,SAT
gl_grafo900.11.gml.cnf,1.0,SAT
gl_grafo903.17.gml.cnf,0,SAT
gl_grafo904.20.gml.cnf,0,SAT
gl_grafo905.15.gml.cnf,1.0,SAT
gl_grafo906.12.gml.cnf,0,SAT
gl_grafo907.10.gml.cnf,0,SAT
gl_grafo908.12.gml.cnf,0,SAT
gl_grafo910.10.gml.cnf,0,SAT
gl_grafo911.12.gml.cnf,0,SAT
gl_grafo912.14.gml.cnf,0,SAT
gl_grafo913.15.gml.cnf,1.0,SAT
gl_grafo917.17.gml.cnf,0,SAT
gl_grafo919.12.gml.cnf,0,SAT
gl_grafo921.16.gml.cnf,0,SAT
gl_grafo922.14.gml.cnf,0,SAT
gl_grafo923.17.gml.cnf,1.0,SAT
gl_grafo924.19.gml.cnf,0,SAT
gl_grafo926.14.gml.cnf,0,SAT
gl_grafo927.11.gml.cnf,0,SAT
gl_grafo928.13.gml.cnf,0,SAT
gl_grafo929.16.gml.cnf,0,SAT
gl_grafo930.13.gml.cnf,1.0,SAT
gl_grafo931.13.gml.cnf,0,SAT
gl_grafo933.12.gml.cnf,0,SAT
gl_grafo934.16.gml.cnf,0,SAT
gl_grafo936.12.gml.cnf,1.0,SAT
gl_grafo937.11.gml.cnf,0,SAT
gl_grafo938.10.gml.cnf,0,SAT
gl_grafo939.15.gml.cnf,0,SAT
gl_grafo940.20.gml.cnf,1.0,SAT
gl_grafo944.14.gml.cnf,0,SAT
gl_grafo945.17.gml.cnf,1.0,SAT
gl_grafo947.15.gml.cnf,0,SAT
gl_grafo948.15.gml.cnf,0,SAT
gl_grafo949.10.gml.cnf,0,SAT
gl_grafo950.19.gml.cnf,0,SAT
gl_grafo951.13.gml.cnf,1.0,SAT
gl_grafo952.19.gml.cnf,0,SAT
gl_grafo953.18.gml.cnf,2.0,SAT
gl_grafo954.12.gml.cnf,0,SAT
gl_grafo955.13.gml.cnf,0,SAT
gl_grafo956.14.gml.cnf,0,SAT
gl_grafo957.12.gml.cnf,0,SAT
gl_grafo958.13.gml.cnf,1.0,SAT
gl_grafo961.10.gml.cnf,0,SAT
gl_grafo962.10.gml.cnf,0,SAT
gl_grafo963.19.gml.cnf,0,SAT
gl_grafo964.13.gml.cnf,0,SAT
gl_grafo965.15.gml.cnf,0,SAT
gl_grafo966.13.gml.cnf,0,SAT
gl_grafo967.16.gml.cnf,1.0,SAT
gl_grafo968.13.gml.cnf,0,SAT
gl_grafo969.12.gml.cnf,0,SAT
gl_grafo970.12.gml.cnf,0,SAT
gl_grafo971.17.gml.cnf,0,SAT
gl_grafo972.18.gml.cnf,2.0,SAT
gl_grafo973.14.gml.cnf,0,SAT
gl_grafo974.14.gml.cnf,0,SAT
gl_grafo976.19.gml.cnf,2.0,SAT
gl_grafo977.19.gml.cnf,1.0,SAT
gl_grafo978.10.gml.cnf,0,SAT
gl_grafo979.13.gml.cnf,0,SAT
gl_grafo980.20.gml.cnf,12.0,SAT
gl_grafo981.16.gml.cnf,0,SAT
gl_grafo982.15.gml.cnf,0,SAT
gl_grafo983.19.gml.cnf,1.0,SAT
gl_grafo984.18.gml.cnf,0,SAT
gl_grafo985.15.gml.cnf,1.0,SAT
gl_grafo986.12.gml.cnf,0,SAT
gl_grafo988.11.gml.cnf,0,SAT
gl_grafo989.13.gml.cnf,0,SAT
gl_grafo990.13.gml.cnf,0,SAT
gl_grafo991.13.gml.cnf,1.0,SAT
gl_grafo992.16.gml.cnf,0,SAT
gl_grafo993.18.gml.cnf,0,SAT
gl_grafo994.13.gml.cnf,0,SAT
gl_grafo995.18.gml.cnf,1.0,SAT
gl_grafo996.11.gml.cnf,0,SAT
gl_grafo997.11.gml.cnf,1.0,SAT
gl_grafo998.16.gml.cnf,1.0,SAT
gl_grafo999.13.gml.cnf,0,SAT
