graph,vars,clauses
g.10.0.gml.cnf, 56, 860
g.10.1.gml.cnf, 56, 888
g.10.11.gml.cnf, 59, 927
g.10.12.gml.cnf, 55, 867
g.10.13.gml.cnf, 55, 859
g.10.14.gml.cnf, 55, 859
g.10.15.gml.cnf, 54, 838
g.10.16.gml.cnf, 54, 838
g.10.17.gml.cnf, 54, 814
g.10.19.gml.cnf, 65, 1201
g.10.2.gml.cnf, 56, 888
g.10.20.gml.cnf, 66, 1246
g.10.22.gml.cnf, 71, 1559
g.10.24.gml.cnf, 58, 934
g.10.25.gml.cnf, 73, 1633
g.10.27.gml.cnf, 66, 1246
g.10.28.gml.cnf, 58, 934
g.10.29.gml.cnf, 66, 1246
g.10.3.gml.cnf, 54, 834
g.10.30.gml.cnf, 62, 1094
g.10.31.gml.cnf, 70, 1506
g.10.34.gml.cnf, 70, 1506
g.10.37.gml.cnf, 56, 896
g.10.38.gml.cnf, 66, 1234
g.10.39.gml.cnf, 64, 1152
g.10.4.gml.cnf, 54, 838
g.10.40.gml.cnf, 65, 1189
g.10.41.gml.cnf, 65, 1185
g.10.42.gml.cnf, 54, 830
g.10.45.gml.cnf, 56, 888
g.10.46.gml.cnf, 60, 1024
g.10.5.gml.cnf, 59, 987
g.10.50.gml.cnf, 58, 926
g.10.56.gml.cnf, 57, 917
g.10.57.gml.cnf, 60, 1024
g.10.58.gml.cnf, 60, 1024
g.10.6.gml.cnf, 54, 830
g.10.60.gml.cnf, 60, 1024
g.10.61.gml.cnf, 62, 1102
g.10.62.gml.cnf, 62, 1102
g.10.68.gml.cnf, 58, 894
g.10.69.gml.cnf, 60, 996
g.10.7.gml.cnf, 57, 913
g.10.70.gml.cnf, 54, 798
g.10.71.gml.cnf, 55, 759
g.10.72.gml.cnf, 56, 896
g.10.74.gml.cnf, 57, 921
g.10.75.gml.cnf, 57, 913
g.10.78.gml.cnf, 55, 859
g.10.79.gml.cnf, 62, 1078
g.10.8.gml.cnf, 57, 917
g.10.80.gml.cnf, 62, 1078
g.10.82.gml.cnf, 63, 1119
g.10.83.gml.cnf, 60, 1008
g.10.85.gml.cnf, 62, 1102
g.10.86.gml.cnf, 62, 1062
g.10.88.gml.cnf, 65, 1225
g.10.89.gml.cnf, 57, 917
g.10.9.gml.cnf, 54, 842
g.10.90.gml.cnf, 60, 944
g.10.91.gml.cnf, 59, 899
g.10.92.gml.cnf, 54, 782
g.10.93.gml.cnf, 60, 904
g.10.94.gml.cnf, 62, 1102
g.100.0.gml.cnf, 5141, 1037324
g.100.1.gml.cnf, 5141, 1037324
g.100.3.gml.cnf, 5053, 989272
g.11.0.gml.cnf, 66, 1174
g.11.10.gml.cnf, 66, 1170
g.11.16.gml.cnf, 102, 3902
g.11.17.gml.cnf, 102, 3902
g.11.19.gml.cnf, 69, 1177
g.11.2.gml.cnf, 67, 1203
g.11.20.gml.cnf, 65, 1125
g.11.21.gml.cnf, 56, 1001
g.11.22.gml.cnf, 65, 1133
g.11.23.gml.cnf, 79, 1667
g.11.24.gml.cnf, 70, 1250
g.11.25.gml.cnf, 79, 1723
g.11.28.gml.cnf, 67, 1151
g.11.29.gml.cnf, 78, 1626
g.11.3.gml.cnf, 65, 1141
g.11.30.gml.cnf, 70, 1302
g.11.35.gml.cnf, 65, 1141
g.11.36.gml.cnf, 66, 1162
g.11.37.gml.cnf, 70, 1286
g.11.38.gml.cnf, 69, 1253
g.11.45.gml.cnf, 68, 1136
g.11.46.gml.cnf, 69, 1237
g.11.49.gml.cnf, 66, 1142
g.11.5.gml.cnf, 66, 1166
g.11.50.gml.cnf, 67, 1195
g.11.51.gml.cnf, 65, 1061
g.11.55.gml.cnf, 65, 1105
g.11.57.gml.cnf, 66, 1154
g.11.6.gml.cnf, 67, 1195
g.11.60.gml.cnf, 65, 1141
g.11.61.gml.cnf, 67, 1119
g.11.62.gml.cnf, 71, 1343
g.11.63.gml.cnf, 72, 1368
g.11.64.gml.cnf, 68, 1232
g.11.65.gml.cnf, 68, 1236
g.11.66.gml.cnf, 71, 1315
g.11.68.gml.cnf, 68, 1236
g.11.69.gml.cnf, 69, 1253
g.11.7.gml.cnf, 65, 1145
g.11.71.gml.cnf, 74, 1470
g.11.72.gml.cnf, 74, 1490
g.11.73.gml.cnf, 68, 1232
g.11.75.gml.cnf, 67, 1203
g.11.76.gml.cnf, 75, 1519
g.11.9.gml.cnf, 67, 1199
g.12.0.gml.cnf, 81, 1652
g.12.101.gml.cnf, 80, 1615
g.12.102.gml.cnf, 80, 1483
g.12.104.gml.cnf, 84, 1727
g.12.105.gml.cnf, 85, 1768
g.12.106.gml.cnf, 79, 1574
g.12.107.gml.cnf, 89, 2048
g.12.108.gml.cnf, 82, 1701
g.12.109.gml.cnf, 78, 1497
g.12.110.gml.cnf, 77, 1440
g.12.111.gml.cnf, 90, 2081
g.12.112.gml.cnf, 92, 2223
g.12.113.gml.cnf, 82, 1685
g.12.114.gml.cnf, 80, 1603
g.12.117.gml.cnf, 77, 1512
g.12.118.gml.cnf, 86, 1865
g.12.121.gml.cnf, 84, 1775
g.12.122.gml.cnf, 81, 1652
g.12.123.gml.cnf, 77, 1488
g.12.124.gml.cnf, 78, 1525
g.12.126.gml.cnf, 86, 1777
g.12.128.gml.cnf, 82, 1701
g.12.133.gml.cnf, 83, 1658
g.12.134.gml.cnf, 86, 1881
g.12.135.gml.cnf, 77, 1448
g.12.138.gml.cnf, 86, 1909
g.12.140.gml.cnf, 86, 1909
g.12.141.gml.cnf, 82, 1673
g.12.145.gml.cnf, 91, 2170
g.12.146.gml.cnf, 85, 1828
g.12.22.gml.cnf, 90, 2089
g.12.31.gml.cnf, 89, 2028
g.12.34.gml.cnf, 83, 1710
g.12.35.gml.cnf, 83, 1710
g.12.40.gml.cnf, 98, 2717
g.12.43.gml.cnf, 78, 1537
g.12.45.gml.cnf, 78, 1537
g.12.48.gml.cnf, 78, 1537
g.12.49.gml.cnf, 78, 1541
g.12.50.gml.cnf, 78, 1545
g.12.51.gml.cnf, 78, 1533
g.12.52.gml.cnf, 78, 1521
g.12.55.gml.cnf, 80, 1615
g.12.60.gml.cnf, 92, 2179
g.12.62.gml.cnf, 91, 2122
g.12.63.gml.cnf, 97, 2640
g.12.64.gml.cnf, 78, 1505
g.12.66.gml.cnf, 77, 1488
g.12.7.gml.cnf, 80, 1611
g.12.75.gml.cnf, 98, 2717
g.12.76.gml.cnf, 98, 2717
g.12.77.gml.cnf, 84, 1791
g.12.78.gml.cnf, 82, 1677
g.12.79.gml.cnf, 92, 2179
g.12.8.gml.cnf, 87, 1942
g.12.88.gml.cnf, 99, 2798
g.12.89.gml.cnf, 81, 1644
g.12.9.gml.cnf, 83, 1710
g.12.90.gml.cnf, 82, 1697
g.12.91.gml.cnf, 93, 2248
g.12.92.gml.cnf, 67, 1332
g.12.93.gml.cnf, 85, 1832
g.12.94.gml.cnf, 80, 1591
g.12.98.gml.cnf, 89, 2016
g.12.99.gml.cnf, 82, 1685
g.13.102.gml.cnf, 93, 2060
g.13.105.gml.cnf, 93, 2052
g.13.111.gml.cnf, 93, 2056
g.13.114.gml.cnf, 90, 1917
g.13.116.gml.cnf, 99, 2342
g.13.117.gml.cnf, 100, 2415
g.13.12.gml.cnf, 91, 1978
g.13.120.gml.cnf, 90, 1901
g.13.17.gml.cnf, 90, 1905
g.13.21.gml.cnf, 92, 2019
g.13.25.gml.cnf, 90, 1909
g.13.26.gml.cnf, 92, 1987
g.13.29.gml.cnf, 91, 1986
g.13.30.gml.cnf, 92, 2007
g.13.31.gml.cnf, 98, 2309
g.13.34.gml.cnf, 119, 3906
g.13.35.gml.cnf, 94, 2109
g.13.36.gml.cnf, 93, 2032
g.13.37.gml.cnf, 93, 2036
g.13.38.gml.cnf, 93, 2032
g.13.41.gml.cnf, 90, 1925
g.13.42.gml.cnf, 91, 1962
g.13.44.gml.cnf, 97, 2260
g.13.45.gml.cnf, 90, 1861
g.13.46.gml.cnf, 91, 1974
g.13.47.gml.cnf, 90, 1885
g.13.48.gml.cnf, 129, 5280
g.13.49.gml.cnf, 129, 5280
g.13.51.gml.cnf, 129, 5280
g.13.52.gml.cnf, 111, 3230
g.13.53.gml.cnf, 109, 3012
g.13.54.gml.cnf, 97, 2232
g.13.55.gml.cnf, 90, 1801
g.13.57.gml.cnf, 90, 1805
g.13.6.gml.cnf, 90, 1941
g.13.60.gml.cnf, 93, 2024
g.13.61.gml.cnf, 98, 2293
g.13.62.gml.cnf, 95, 2130
g.13.63.gml.cnf, 110, 3093
g.13.67.gml.cnf, 90, 1865
g.13.68.gml.cnf, 90, 1801
g.13.69.gml.cnf, 90, 1929
g.13.7.gml.cnf, 79, 1729
g.13.76.gml.cnf, 93, 2056
g.13.77.gml.cnf, 90, 1905
g.13.78.gml.cnf, 94, 2093
g.13.79.gml.cnf, 97, 2228
g.13.80.gml.cnf, 95, 2110
g.13.81.gml.cnf, 90, 1913
g.13.83.gml.cnf, 90, 1937
g.13.84.gml.cnf, 95, 2142
g.13.85.gml.cnf, 90, 1917
g.13.86.gml.cnf, 98, 2301
g.13.87.gml.cnf, 97, 2240
g.13.88.gml.cnf, 94, 2045
g.13.9.gml.cnf, 90, 1929
g.13.91.gml.cnf, 92, 2019
g.13.92.gml.cnf, 93, 2060
g.13.93.gml.cnf, 94, 2045
g.13.94.gml.cnf, 110, 3073
g.13.95.gml.cnf, 101, 2460
g.13.96.gml.cnf, 93, 2060
g.13.97.gml.cnf, 93, 2052
g.13.99.gml.cnf, 104, 2687
g.14.0.gml.cnf, 105, 2463
g.14.1.gml.cnf, 106, 2540
g.14.12.gml.cnf, 105, 2491
g.14.13.gml.cnf, 107, 2569
g.14.14.gml.cnf, 105, 2463
g.14.15.gml.cnf, 104, 2410
g.14.16.gml.cnf, 104, 2426
g.14.17.gml.cnf, 107, 2565
g.14.19.gml.cnf, 105, 2451
g.14.2.gml.cnf, 106, 2404
g.14.20.gml.cnf, 118, 3208
g.14.21.gml.cnf, 116, 3050
g.14.22.gml.cnf, 116, 3050
g.14.23.gml.cnf, 116, 3038
g.14.24.gml.cnf, 116, 3038
g.14.25.gml.cnf, 114, 2920
g.14.26.gml.cnf, 114, 2920
g.14.27.gml.cnf, 115, 2973
g.14.28.gml.cnf, 115, 2973
g.14.31.gml.cnf, 104, 2442
g.14.33.gml.cnf, 112, 2818
g.14.34.gml.cnf, 112, 2818
g.14.35.gml.cnf, 104, 2406
g.14.36.gml.cnf, 106, 2520
g.14.37.gml.cnf, 105, 2439
g.14.38.gml.cnf, 112, 2842
g.14.39.gml.cnf, 104, 2426
g.14.40.gml.cnf, 105, 2423
g.14.43.gml.cnf, 104, 2442
g.14.47.gml.cnf, 106, 2444
g.14.55.gml.cnf, 104, 2386
g.14.57.gml.cnf, 113, 2871
g.14.58.gml.cnf, 113, 2871
g.14.59.gml.cnf, 105, 2459
g.14.6.gml.cnf, 109, 2659
g.14.60.gml.cnf, 107, 2581
g.14.61.gml.cnf, 107, 2577
g.14.62.gml.cnf, 128, 4090
g.14.65.gml.cnf, 104, 2422
g.14.66.gml.cnf, 110, 2696
g.14.67.gml.cnf, 108, 2638
g.14.68.gml.cnf, 109, 2671
g.14.7.gml.cnf, 92, 2198
g.14.9.gml.cnf, 106, 2404
g.15.10.gml.cnf, 125, 3283
g.15.11.gml.cnf, 121, 3075
g.15.12.gml.cnf, 119, 3029
g.15.13.gml.cnf, 119, 3029
g.15.14.gml.cnf, 120, 3078
g.15.17.gml.cnf, 119, 3021
g.15.2.gml.cnf, 119, 3025
g.15.20.gml.cnf, 119, 2921
g.15.21.gml.cnf, 122, 3172
g.15.22.gml.cnf, 133, 3851
g.15.23.gml.cnf, 133, 3851
g.15.24.gml.cnf, 119, 3009
g.15.26.gml.cnf, 121, 2995
g.15.28.gml.cnf, 170, 8828
g.15.29.gml.cnf, 130, 3680
g.15.3.gml.cnf, 121, 3007
g.15.31.gml.cnf, 121, 3035
g.15.32.gml.cnf, 121, 3035
g.15.33.gml.cnf, 119, 2837
g.15.34.gml.cnf, 119, 2793
g.15.35.gml.cnf, 119, 3009
g.15.38.gml.cnf, 119, 2793
g.15.39.gml.cnf, 119, 3057
g.15.40.gml.cnf, 131, 3713
g.15.41.gml.cnf, 131, 3701
g.15.43.gml.cnf, 119, 2877
g.15.47.gml.cnf, 121, 3031
g.15.48.gml.cnf, 131, 3669
g.15.49.gml.cnf, 119, 3045
g.15.50.gml.cnf, 125, 3355
g.15.52.gml.cnf, 124, 3294
g.15.56.gml.cnf, 119, 3021
g.15.59.gml.cnf, 126, 3392
g.15.6.gml.cnf, 121, 3135
g.15.7.gml.cnf, 123, 3249
g.15.8.gml.cnf, 123, 3233
g.15.9.gml.cnf, 121, 3095
g.16.16.gml.cnf, 140, 3993
g.16.17.gml.cnf, 136, 3785
g.16.18.gml.cnf, 138, 3875
g.16.21.gml.cnf, 137, 3810
g.16.23.gml.cnf, 135, 3716
g.16.25.gml.cnf, 135, 3716
g.16.27.gml.cnf, 135, 3660
g.16.28.gml.cnf, 141, 4066
g.16.31.gml.cnf, 146, 4231
g.16.34.gml.cnf, 136, 3529
g.16.36.gml.cnf, 168, 6929
g.16.5.gml.cnf, 137, 3786
g.16.50.gml.cnf, 147, 4436
g.16.52.gml.cnf, 135, 3712
g.16.55.gml.cnf, 137, 3686
g.16.57.gml.cnf, 139, 3940
g.16.58.gml.cnf, 136, 3765
g.16.59.gml.cnf, 148, 4205
g.16.60.gml.cnf, 155, 4892
g.16.61.gml.cnf, 144, 4213
g.16.62.gml.cnf, 121, 3376
g.16.63.gml.cnf, 145, 4278
g.16.64.gml.cnf, 149, 4646
g.16.65.gml.cnf, 135, 3520
g.16.66.gml.cnf, 152, 4993
g.16.70.gml.cnf, 135, 3676
g.16.76.gml.cnf, 135, 3676
g.16.79.gml.cnf, 135, 3644
g.16.8.gml.cnf, 137, 3786
g.16.80.gml.cnf, 143, 4196
g.16.81.gml.cnf, 143, 4180
g.16.82.gml.cnf, 143, 4176
g.16.9.gml.cnf, 141, 4018
g.16.91.gml.cnf, 145, 4338
g.16.95.gml.cnf, 142, 4099
g.17.10.gml.cnf, 188, 7973
g.17.11.gml.cnf, 153, 4154
g.17.12.gml.cnf, 152, 4205
g.17.13.gml.cnf, 152, 4205
g.17.17.gml.cnf, 152, 4205
g.17.18.gml.cnf, 152, 4489
g.17.2.gml.cnf, 156, 4733
g.17.20.gml.cnf, 159, 4840
g.17.21.gml.cnf, 162, 5023
g.17.23.gml.cnf, 154, 4471
g.17.24.gml.cnf, 155, 4676
g.17.26.gml.cnf, 156, 4733
g.17.28.gml.cnf, 154, 4623
g.17.3.gml.cnf, 158, 4847
g.17.30.gml.cnf, 218, 14159
g.17.31.gml.cnf, 159, 4848
g.17.32.gml.cnf, 158, 4855
g.17.33.gml.cnf, 155, 4652
g.17.34.gml.cnf, 160, 4937
g.17.36.gml.cnf, 159, 4868
g.17.37.gml.cnf, 152, 4461
g.17.39.gml.cnf, 152, 4453
g.17.4.gml.cnf, 156, 4725
g.17.40.gml.cnf, 161, 5066
g.17.41.gml.cnf, 163, 5228
g.17.42.gml.cnf, 152, 4449
g.17.45.gml.cnf, 154, 4607
g.17.6.gml.cnf, 156, 4737
g.17.7.gml.cnf, 152, 4501
g.17.8.gml.cnf, 160, 4893
g.17.9.gml.cnf, 152, 4489
g.18.0.gml.cnf, 174, 5446
g.18.1.gml.cnf, 186, 6614
g.18.10.gml.cnf, 174, 5586
g.18.11.gml.cnf, 179, 5863
g.18.12.gml.cnf, 173, 5553
g.18.13.gml.cnf, 170, 5126
g.18.14.gml.cnf, 174, 5618
g.18.15.gml.cnf, 170, 5374
g.18.16.gml.cnf, 170, 5374
g.18.17.gml.cnf, 171, 5427
g.18.18.gml.cnf, 171, 5367
g.18.19.gml.cnf, 177, 5705
g.18.2.gml.cnf, 180, 6020
g.18.20.gml.cnf, 154, 4914
g.18.21.gml.cnf, 176, 5700
g.18.22.gml.cnf, 177, 5777
g.18.24.gml.cnf, 177, 5777
g.18.26.gml.cnf, 172, 5464
g.18.28.gml.cnf, 171, 5403
g.18.29.gml.cnf, 173, 5525
g.18.30.gml.cnf, 179, 5787
g.18.31.gml.cnf, 174, 5630
g.18.34.gml.cnf, 174, 5550
g.18.35.gml.cnf, 174, 5566
g.18.36.gml.cnf, 182, 5802
g.18.37.gml.cnf, 170, 5282
g.18.38.gml.cnf, 180, 6056
g.18.4.gml.cnf, 174, 5478
g.18.41.gml.cnf, 170, 5318
g.18.5.gml.cnf, 171, 5387
g.18.6.gml.cnf, 173, 5561
g.18.7.gml.cnf, 171, 5415
g.18.8.gml.cnf, 175, 5695
g.18.9.gml.cnf, 172, 5452
g.19.0.gml.cnf, 195, 6703
g.19.11.gml.cnf, 195, 6763
g.19.12.gml.cnf, 193, 6537
g.19.18.gml.cnf, 189, 6261
g.19.19.gml.cnf, 189, 6261
g.19.20.gml.cnf, 191, 6459
g.19.21.gml.cnf, 191, 6459
g.19.22.gml.cnf, 204, 7608
g.19.23.gml.cnf, 190, 6426
g.19.24.gml.cnf, 193, 6613
g.19.25.gml.cnf, 193, 6613
g.19.26.gml.cnf, 193, 6613
g.19.27.gml.cnf, 193, 6613
g.19.28.gml.cnf, 193, 6613
g.19.29.gml.cnf, 193, 6617
g.19.31.gml.cnf, 197, 6945
g.19.32.gml.cnf, 190, 6382
g.19.34.gml.cnf, 216, 8740
g.19.35.gml.cnf, 190, 6382
g.19.36.gml.cnf, 201, 6881
g.19.38.gml.cnf, 190, 6166
g.19.39.gml.cnf, 194, 6650
g.19.4.gml.cnf, 195, 6727
g.19.40.gml.cnf, 193, 6601
g.19.41.gml.cnf, 193, 6549
g.19.43.gml.cnf, 189, 6345
g.19.44.gml.cnf, 191, 6471
g.19.45.gml.cnf, 190, 6414
g.19.6.gml.cnf, 195, 6767
g.19.7.gml.cnf, 196, 6828
g.19.8.gml.cnf, 193, 6625
g.19.9.gml.cnf, 193, 6569
g.20.1.gml.cnf, 232, 9731
g.20.13.gml.cnf, 279, 19110
g.20.14.gml.cnf, 215, 7886
g.20.2.gml.cnf, 222, 8537
g.20.22.gml.cnf, 211, 7598
g.20.26.gml.cnf, 226, 9013
g.20.28.gml.cnf, 220, 8255
g.20.29.gml.cnf, 220, 8255
g.20.3.gml.cnf, 210, 7513
g.20.30.gml.cnf, 221, 8360
g.20.31.gml.cnf, 225, 8700
g.20.34.gml.cnf, 213, 7536
g.20.36.gml.cnf, 239, 10310
g.20.37.gml.cnf, 209, 7396
g.20.39.gml.cnf, 221, 8360
g.20.4.gml.cnf, 212, 7651
g.20.40.gml.cnf, 217, 7908
g.20.41.gml.cnf, 220, 8151
g.20.42.gml.cnf, 219, 8066
g.20.43.gml.cnf, 209, 7244
g.20.45.gml.cnf, 231, 9650
g.20.46.gml.cnf, 254, 13321
g.20.47.gml.cnf, 222, 8541
g.20.48.gml.cnf, 222, 8537
g.20.49.gml.cnf, 226, 8765
g.20.5.gml.cnf, 211, 7546
g.20.50.gml.cnf, 235, 10022
g.20.51.gml.cnf, 211, 7574
g.20.52.gml.cnf, 209, 7360
g.20.53.gml.cnf, 212, 7507
g.20.6.gml.cnf, 222, 8117
g.20.7.gml.cnf, 216, 7655
g.20.8.gml.cnf, 214, 7761
g.20.9.gml.cnf, 209, 7396
g.21.0.gml.cnf, 230, 8073
g.21.1.gml.cnf, 298, 20293
g.21.10.gml.cnf, 322, 28249
g.21.11.gml.cnf, 232, 8771
g.21.12.gml.cnf, 231, 8650
g.21.13.gml.cnf, 245, 9616
g.21.14.gml.cnf, 230, 8577
g.21.15.gml.cnf, 239, 9234
g.21.17.gml.cnf, 236, 9083
g.21.2.gml.cnf, 232, 8635
g.21.22.gml.cnf, 241, 9456
g.21.23.gml.cnf, 238, 9205
g.21.24.gml.cnf, 238, 9205
g.21.27.gml.cnf, 259, 11462
g.21.29.gml.cnf, 231, 8666
g.21.3.gml.cnf, 230, 8577
g.21.30.gml.cnf, 230, 8629
g.21.31.gml.cnf, 230, 8633
g.21.33.gml.cnf, 240, 9455
g.21.34.gml.cnf, 232, 8787
g.21.35.gml.cnf, 254, 10953
g.21.37.gml.cnf, 242, 9493
g.21.4.gml.cnf, 233, 8828
g.21.40.gml.cnf, 230, 8621
g.21.41.gml.cnf, 241, 9560
g.21.45.gml.cnf, 236, 8975
g.21.5.gml.cnf, 232, 8435
g.21.6.gml.cnf, 233, 8888
g.21.8.gml.cnf, 234, 8953
g.21.9.gml.cnf, 235, 9010
g.22.0.gml.cnf, 263, 10821
g.22.12.gml.cnf, 254, 10052
g.22.14.gml.cnf, 261, 10683
g.22.15.gml.cnf, 253, 10055
g.22.17.gml.cnf, 257, 10315
g.22.18.gml.cnf, 260, 10638
g.22.19.gml.cnf, 257, 10399
g.22.20.gml.cnf, 258, 10468
g.22.21.gml.cnf, 254, 10096
g.22.23.gml.cnf, 252, 9410
g.22.24.gml.cnf, 252, 9942
g.22.25.gml.cnf, 252, 9950
g.22.26.gml.cnf, 252, 9942
g.22.27.gml.cnf, 252, 9934
g.22.30.gml.cnf, 254, 10048
g.22.31.gml.cnf, 268, 11378
g.22.35.gml.cnf, 271, 11681
g.22.36.gml.cnf, 252, 9894
g.22.37.gml.cnf, 256, 10142
g.22.39.gml.cnf, 253, 10023
g.22.4.gml.cnf, 262, 10740
g.22.41.gml.cnf, 256, 10278
g.22.42.gml.cnf, 256, 10278
g.22.44.gml.cnf, 256, 10278
g.22.49.gml.cnf, 262, 10744
g.22.50.gml.cnf, 254, 10088
g.22.51.gml.cnf, 252, 9410
g.22.52.gml.cnf, 252, 9954
g.22.54.gml.cnf, 261, 10579
g.22.60.gml.cnf, 255, 10197
g.22.62.gml.cnf, 277, 12323
g.22.66.gml.cnf, 256, 10282
g.22.67.gml.cnf, 255, 10197
g.22.68.gml.cnf, 255, 10197
g.22.69.gml.cnf, 279, 13045
g.22.7.gml.cnf, 262, 10884
g.22.70.gml.cnf, 270, 11780
g.22.76.gml.cnf, 265, 11107
g.22.8.gml.cnf, 252, 10022
g.22.9.gml.cnf, 252, 9998
g.23.1.gml.cnf, 283, 11981
g.23.100.gml.cnf, 284, 12246
g.23.102.gml.cnf, 283, 12093
g.23.103.gml.cnf, 285, 12339
g.23.106.gml.cnf, 286, 12464
g.23.107.gml.cnf, 286, 12476
g.23.108.gml.cnf, 286, 12476
g.23.11.gml.cnf, 279, 11753
g.23.112.gml.cnf, 275, 11397
g.23.115.gml.cnf, 283, 12137
g.23.117.gml.cnf, 284, 12230
g.23.118.gml.cnf, 281, 11835
g.23.119.gml.cnf, 277, 11607
g.23.12.gml.cnf, 279, 11773
g.23.121.gml.cnf, 277, 11639
g.23.13.gml.cnf, 282, 12028
g.23.14.gml.cnf, 280, 11818
g.23.15.gml.cnf, 277, 11575
g.23.16.gml.cnf, 282, 11972
g.23.17.gml.cnf, 281, 11891
g.23.18.gml.cnf, 277, 11463
g.23.19.gml.cnf, 278, 11632
g.23.2.gml.cnf, 275, 11449
g.23.20.gml.cnf, 286, 12240
g.23.21.gml.cnf, 291, 12377
g.23.22.gml.cnf, 275, 11461
g.23.37.gml.cnf, 275, 11453
g.23.39.gml.cnf, 277, 11599
g.23.4.gml.cnf, 279, 11709
g.23.40.gml.cnf, 279, 11721
g.23.41.gml.cnf, 280, 11894
g.23.43.gml.cnf, 279, 11769
g.23.44.gml.cnf, 254, 10649
g.23.45.gml.cnf, 275, 11409
g.23.48.gml.cnf, 275, 11397
g.23.5.gml.cnf, 279, 11709
g.23.67.gml.cnf, 275, 11405
g.23.69.gml.cnf, 275, 11405
g.23.7.gml.cnf, 279, 11769
g.23.71.gml.cnf, 281, 11851
g.23.72.gml.cnf, 278, 11288
g.23.74.gml.cnf, 295, 12349
g.23.75.gml.cnf, 279, 11625
g.23.76.gml.cnf, 291, 12909
g.23.77.gml.cnf, 291, 12909
g.23.8.gml.cnf, 280, 11826
g.23.81.gml.cnf, 320, 17774
g.23.83.gml.cnf, 302, 14200
g.23.85.gml.cnf, 320, 17750
g.23.86.gml.cnf, 321, 17927
g.23.88.gml.cnf, 286, 12420
g.23.9.gml.cnf, 279, 11705
g.23.90.gml.cnf, 302, 14200
g.23.92.gml.cnf, 286, 12420
g.23.96.gml.cnf, 322, 18128
g.23.98.gml.cnf, 279, 11669
g.23.99.gml.cnf, 279, 11589
g.24.0.gml.cnf, 306, 13547
g.24.1.gml.cnf, 300, 12905
g.24.15.gml.cnf, 303, 13348
g.24.16.gml.cnf, 307, 13720
g.24.17.gml.cnf, 301, 13166
g.24.18.gml.cnf, 304, 13421
g.24.19.gml.cnf, 302, 13339
g.24.2.gml.cnf, 306, 13691
g.24.26.gml.cnf, 302, 13267
g.24.29.gml.cnf, 303, 13356
g.24.3.gml.cnf, 306, 13643
g.24.30.gml.cnf, 303, 13380
g.24.33.gml.cnf, 306, 13715
g.24.34.gml.cnf, 315, 14560
g.24.35.gml.cnf, 315, 14560
g.24.36.gml.cnf, 305, 13586
g.24.37.gml.cnf, 299, 12928
g.24.38.gml.cnf, 302, 12935
g.24.39.gml.cnf, 344, 19473
g.24.41.gml.cnf, 320, 15333
g.24.43.gml.cnf, 345, 19670
g.24.44.gml.cnf, 304, 13285
g.24.45.gml.cnf, 301, 13014
g.24.46.gml.cnf, 316, 14453
g.24.47.gml.cnf, 323, 15520
g.24.48.gml.cnf, 311, 14048
g.24.6.gml.cnf, 307, 13692
g.24.7.gml.cnf, 307, 13764
g.24.8.gml.cnf, 307, 13764
g.24.9.gml.cnf, 304, 13413
g.25.0.gml.cnf, 334, 15635
g.25.1.gml.cnf, 484, 70001
g.25.12.gml.cnf, 328, 15105
g.25.13.gml.cnf, 328, 15069
g.25.16.gml.cnf, 328, 15145
g.25.18.gml.cnf, 340, 16381
g.25.21.gml.cnf, 326, 14923
g.25.22.gml.cnf, 326, 14923
g.25.26.gml.cnf, 335, 15912
g.25.28.gml.cnf, 335, 15912
g.25.32.gml.cnf, 344, 16845
g.25.33.gml.cnf, 344, 16845
g.25.34.gml.cnf, 344, 16845
g.25.36.gml.cnf, 367, 20532
g.25.37.gml.cnf, 324, 14685
g.25.38.gml.cnf, 324, 14729
g.25.4.gml.cnf, 328, 15129
g.25.40.gml.cnf, 335, 15912
g.25.43.gml.cnf, 344, 16845
g.25.45.gml.cnf, 344, 16845
g.25.46.gml.cnf, 328, 15069
g.25.47.gml.cnf, 328, 15109
g.25.48.gml.cnf, 327, 15008
g.25.49.gml.cnf, 325, 14866
g.25.5.gml.cnf, 332, 15469
g.25.51.gml.cnf, 325, 14866
g.25.52.gml.cnf, 325, 14762
g.25.53.gml.cnf, 330, 15363
g.25.55.gml.cnf, 346, 17431
g.25.6.gml.cnf, 329, 15178
g.25.7.gml.cnf, 330, 15299
g.25.8.gml.cnf, 328, 15065
g.25.9.gml.cnf, 329, 15170
g.26.0.gml.cnf, 356, 17096
g.26.1.gml.cnf, 362, 17794
g.26.10.gml.cnf, 326, 15626
g.26.11.gml.cnf, 356, 17220
g.26.12.gml.cnf, 350, 16518
g.26.13.gml.cnf, 370, 18818
g.26.17.gml.cnf, 351, 16751
g.26.19.gml.cnf, 351, 16751
g.26.2.gml.cnf, 358, 17442
g.26.20.gml.cnf, 351, 16751
g.26.22.gml.cnf, 358, 17314
g.26.23.gml.cnf, 356, 17244
g.26.24.gml.cnf, 356, 17272
g.26.26.gml.cnf, 356, 17244
g.26.27.gml.cnf, 356, 17276
g.26.29.gml.cnf, 364, 17848
g.26.3.gml.cnf, 356, 17168
g.26.30.gml.cnf, 358, 17490
g.26.31.gml.cnf, 363, 18123
g.26.32.gml.cnf, 356, 17108
g.26.4.gml.cnf, 352, 16784
g.26.5.gml.cnf, 358, 17422
g.26.6.gml.cnf, 358, 17230
g.26.8.gml.cnf, 357, 17309
g.26.9.gml.cnf, 355, 17095
g.27.0.gml.cnf, 385, 19545
g.27.1.gml.cnf, 381, 18965
g.27.11.gml.cnf, 352, 17577
g.27.12.gml.cnf, 387, 19707
g.27.14.gml.cnf, 391, 20239
g.27.15.gml.cnf, 383, 19307
g.27.16.gml.cnf, 394, 20678
g.27.3.gml.cnf, 377, 18701
g.27.4.gml.cnf, 384, 19480
g.27.7.gml.cnf, 377, 18581
g.27.9.gml.cnf, 378, 18682
g.28.1.gml.cnf, 419, 22366
g.28.12.gml.cnf, 411, 21502
g.28.14.gml.cnf, 411, 21502
g.28.16.gml.cnf, 411, 21502
g.28.2.gml.cnf, 415, 21958
g.28.20.gml.cnf, 534, 60105
g.28.21.gml.cnf, 405, 20716
g.28.22.gml.cnf, 405, 19784
g.28.23.gml.cnf, 409, 21328
g.28.24.gml.cnf, 409, 21300
g.28.25.gml.cnf, 420, 22599
g.28.26.gml.cnf, 423, 22822
g.28.29.gml.cnf, 433, 24588
g.28.3.gml.cnf, 415, 21942
g.28.30.gml.cnf, 410, 21373
g.28.4.gml.cnf, 412, 21643
g.28.5.gml.cnf, 412, 21579
g.28.6.gml.cnf, 413, 21668
g.28.7.gml.cnf, 406, 20913
g.28.8.gml.cnf, 405, 20792
g.28.9.gml.cnf, 405, 20752
g.29.1.gml.cnf, 445, 24308
g.29.12.gml.cnf, 444, 24187
g.29.13.gml.cnf, 434, 22777
g.29.14.gml.cnf, 445, 24516
g.29.15.gml.cnf, 543, 54466
g.29.16.gml.cnf, 444, 23583
g.29.2.gml.cnf, 442, 23945
g.29.3.gml.cnf, 446, 24661
g.29.4.gml.cnf, 442, 24157
g.29.5.gml.cnf, 444, 24347
g.29.6.gml.cnf, 440, 23915
g.29.7.gml.cnf, 439, 23690
g.29.9.gml.cnf, 516, 41475
g.30.0.gml.cnf, 478, 27444
g.30.1.gml.cnf, 480, 27718
g.30.11.gml.cnf, 476, 27070
g.30.12.gml.cnf, 470, 26144
g.30.15.gml.cnf, 468, 26214
g.30.17.gml.cnf, 497, 30959
g.30.19.gml.cnf, 464, 25746
g.30.2.gml.cnf, 480, 27718
g.30.20.gml.cnf, 472, 26770
g.30.23.gml.cnf, 472, 26770
g.30.24.gml.cnf, 464, 25734
g.30.25.gml.cnf, 464, 25570
g.30.26.gml.cnf, 475, 27169
g.30.28.gml.cnf, 470, 26516
g.30.3.gml.cnf, 479, 27565
g.30.31.gml.cnf, 490, 29720
g.30.4.gml.cnf, 474, 26796
g.30.5.gml.cnf, 470, 26316
g.30.6.gml.cnf, 468, 26258
g.30.8.gml.cnf, 469, 26299
g.30.9.gml.cnf, 475, 26713
g.31.0.gml.cnf, 499, 28913
g.31.1.gml.cnf, 500, 29082
g.31.2.gml.cnf, 501, 29207
g.31.28.gml.cnf, 498, 28832
g.31.29.gml.cnf, 537, 35823
g.31.3.gml.cnf, 501, 29095
g.31.31.gml.cnf, 499, 29033
g.31.32.gml.cnf, 506, 29964
g.31.34.gml.cnf, 508, 30202
g.31.36.gml.cnf, 506, 29940
g.31.37.gml.cnf, 511, 30697
g.31.4.gml.cnf, 503, 29417
g.31.6.gml.cnf, 503, 29321
g.31.8.gml.cnf, 523, 32805
g.31.9.gml.cnf, 523, 32801
g.32.1.gml.cnf, 537, 32378
g.32.10.gml.cnf, 540, 33165
g.32.11.gml.cnf, 539, 32748
g.32.12.gml.cnf, 533, 32050
g.32.13.gml.cnf, 533, 32142
g.32.14.gml.cnf, 540, 33029
g.32.15.gml.cnf, 531, 31880
g.32.17.gml.cnf, 497, 29792
g.32.18.gml.cnf, 529, 31754
g.32.19.gml.cnf, 535, 31616
g.32.2.gml.cnf, 538, 32595
g.32.20.gml.cnf, 555, 35812
g.32.21.gml.cnf, 555, 35816
g.32.22.gml.cnf, 534, 32271
g.32.23.gml.cnf, 529, 31614
g.32.25.gml.cnf, 624, 57173
g.32.27.gml.cnf, 527, 31128
g.32.28.gml.cnf, 613, 52358
g.32.5.gml.cnf, 533, 32250
g.32.6.gml.cnf, 527, 31532
g.32.8.gml.cnf, 527, 31528
g.32.9.gml.cnf, 527, 31208
g.33.0.gml.cnf, 576, 36573
g.33.1.gml.cnf, 574, 36279
g.33.10.gml.cnf, 674, 69059
g.33.12.gml.cnf, 564, 34493
g.33.16.gml.cnf, 591, 39452
g.33.2.gml.cnf, 570, 35763
g.33.3.gml.cnf, 568, 35425
g.33.4.gml.cnf, 566, 35255
g.33.5.gml.cnf, 563, 34556
g.33.6.gml.cnf, 567, 35428
g.33.7.gml.cnf, 565, 35094
g.33.8.gml.cnf, 658, 61359
g.34.1.gml.cnf, 603, 39043
g.34.12.gml.cnf, 594, 37798
g.34.13.gml.cnf, 597, 37945
g.34.17.gml.cnf, 615, 40655
g.34.18.gml.cnf, 629, 42985
g.34.2.gml.cnf, 603, 39043
g.34.3.gml.cnf, 605, 39341
g.34.4.gml.cnf, 604, 39140
g.34.7.gml.cnf, 594, 37714
g.34.8.gml.cnf, 605, 39389
g.34.9.gml.cnf, 602, 38890
g.35.0.gml.cnf, 638, 42214
g.35.1.gml.cnf, 636, 42060
g.35.10.gml.cnf, 634, 42018
g.35.12.gml.cnf, 629, 41153
g.35.15.gml.cnf, 662, 46970
g.35.2.gml.cnf, 643, 43255
g.35.20.gml.cnf, 629, 40917
g.35.23.gml.cnf, 648, 44140
g.35.24.gml.cnf, 631, 41315
g.35.25.gml.cnf, 631, 41335
g.35.26.gml.cnf, 639, 42635
g.35.27.gml.cnf, 651, 44783
g.35.3.gml.cnf, 643, 43371
g.35.32.gml.cnf, 694, 55498
g.35.4.gml.cnf, 638, 42482
g.35.7.gml.cnf, 636, 42152
g.35.9.gml.cnf, 738, 74310
g.36.0.gml.cnf, 675, 46290
g.36.1.gml.cnf, 673, 45984
g.36.15.gml.cnf, 665, 43136
g.36.16.gml.cnf, 725, 57652
g.36.17.gml.cnf, 709, 52596
g.36.18.gml.cnf, 676, 46679
g.36.19.gml.cnf, 676, 46679
g.36.22.gml.cnf, 693, 49360
g.36.23.gml.cnf, 667, 45306
g.36.29.gml.cnf, 667, 45310
g.36.3.gml.cnf, 674, 46193
g.36.4.gml.cnf, 678, 46545
g.36.5.gml.cnf, 678, 46581
g.36.7.gml.cnf, 672, 45883
g.36.8.gml.cnf, 680, 47115
g.36.9.gml.cnf, 667, 45082
g.37.1.gml.cnf, 713, 50540
g.37.12.gml.cnf, 709, 49776
g.37.14.gml.cnf, 715, 50830
g.37.15.gml.cnf, 714, 50393
g.37.17.gml.cnf, 716, 50563
g.37.18.gml.cnf, 715, 50370
g.37.19.gml.cnf, 727, 53222
g.37.2.gml.cnf, 713, 50512
g.37.20.gml.cnf, 741, 56436
g.37.3.gml.cnf, 716, 51083
g.37.4.gml.cnf, 718, 51025
g.37.5.gml.cnf, 708, 49819
g.37.6.gml.cnf, 707, 49678
g.37.8.gml.cnf, 734, 54921
g.37.9.gml.cnf, 709, 49776
g.38.12.gml.cnf, 768, 58158
g.38.15.gml.cnf, 758, 55916
g.38.16.gml.cnf, 749, 54363
g.38.17.gml.cnf, 740, 52946
g.38.19.gml.cnf, 740, 52922
g.38.2.gml.cnf, 740, 52806
g.38.20.gml.cnf, 753, 54651
g.38.21.gml.cnf, 763, 56577
g.38.3.gml.cnf, 747, 54065
g.38.4.gml.cnf, 748, 54130
g.38.5.gml.cnf, 759, 55877
g.38.6.gml.cnf, 760, 56522
g.38.7.gml.cnf, 740, 53114
g.38.8.gml.cnf, 743, 53437
g.38.9.gml.cnf, 752, 54766
g.39.0.gml.cnf, 779, 57169
g.39.1.gml.cnf, 790, 58660
g.39.23.gml.cnf, 789, 58763
g.39.26.gml.cnf, 789, 59075
g.39.28.gml.cnf, 795, 60153
g.39.29.gml.cnf, 789, 58987
g.39.30.gml.cnf, 805, 61603
g.39.4.gml.cnf, 793, 59619
g.39.44.gml.cnf, 813, 64051
g.39.45.gml.cnf, 780, 57278
g.39.46.gml.cnf, 790, 58864
g.39.47.gml.cnf, 790, 58828
g.39.53.gml.cnf, 802, 61312
g.39.56.gml.cnf, 789, 59011
g.39.57.gml.cnf, 801, 61203
g.39.7.gml.cnf, 914, 105820
g.39.8.gml.cnf, 914, 105820
g.39.9.gml.cnf, 847, 73329
g.40.0.gml.cnf, 819, 60148
g.40.12.gml.cnf, 829, 63710
g.40.13.gml.cnf, 827, 63356
g.40.16.gml.cnf, 829, 63622
g.40.17.gml.cnf, 828, 63497
g.40.18.gml.cnf, 826, 63191
g.40.19.gml.cnf, 853, 68778
g.40.20.gml.cnf, 834, 64595
g.40.21.gml.cnf, 819, 61256
g.40.22.gml.cnf, 852, 68481
g.40.27.gml.cnf, 819, 60260
g.40.3.gml.cnf, 819, 61772
g.40.5.gml.cnf, 836, 64613
g.40.7.gml.cnf, 829, 63462
g.40.8.gml.cnf, 911, 90184
g.40.9.gml.cnf, 840, 65377
g.41.0.gml.cnf, 862, 66771
g.41.1.gml.cnf, 872, 68761
g.41.12.gml.cnf, 864, 67501
g.41.13.gml.cnf, 892, 72961
g.41.2.gml.cnf, 875, 69396
g.41.25.gml.cnf, 919, 77720
g.41.26.gml.cnf, 902, 72755
g.41.3.gml.cnf, 868, 68037
g.41.36.gml.cnf, 895, 73188
g.41.4.gml.cnf, 860, 66889
g.41.7.gml.cnf, 869, 68278
g.41.9.gml.cnf, 881, 69446
g.42.0.gml.cnf, 920, 74748
g.42.1.gml.cnf, 921, 74941
g.42.15.gml.cnf, 945, 81517
g.42.2.gml.cnf, 920, 74720
g.42.20.gml.cnf, 939, 79427
g.42.21.gml.cnf, 919, 75059
g.42.23.gml.cnf, 923, 74607
g.42.25.gml.cnf, 908, 72920
g.42.26.gml.cnf, 908, 72920
g.42.27.gml.cnf, 903, 71799
g.42.3.gml.cnf, 920, 74720
g.42.32.gml.cnf, 925, 76417
g.42.34.gml.cnf, 949, 82713
g.42.4.gml.cnf, 916, 74316
g.42.5.gml.cnf, 970, 89174
g.42.7.gml.cnf, 909, 72861
g.42.8.gml.cnf, 951, 81031
g.42.9.gml.cnf, 906, 72490
g.43.0.gml.cnf, 959, 78459
g.43.1.gml.cnf, 954, 77574
g.43.12.gml.cnf, 949, 77621
g.43.14.gml.cnf, 949, 77929
g.43.15.gml.cnf, 945, 75857
g.43.17.gml.cnf, 968, 81596
g.43.18.gml.cnf, 945, 76397
g.43.19.gml.cnf, 956, 79128
g.43.20.gml.cnf, 946, 77522
g.43.23.gml.cnf, 947, 77679
g.43.24.gml.cnf, 945, 76793
g.43.25.gml.cnf, 945, 76793
g.43.26.gml.cnf, 945, 76793
g.43.3.gml.cnf, 1091, 135759
g.43.5.gml.cnf, 951, 78287
g.43.6.gml.cnf, 954, 78866
g.43.7.gml.cnf, 957, 79433
g.43.8.gml.cnf, 960, 79992
g.43.9.gml.cnf, 955, 79035
g.44.0.gml.cnf, 1002, 84657
g.44.1.gml.cnf, 1007, 85794
g.44.10.gml.cnf, 998, 84489
g.44.11.gml.cnf, 1001, 85064
g.44.14.gml.cnf, 1000, 84847
g.44.15.gml.cnf, 1004, 85635
g.44.16.gml.cnf, 1026, 90869
g.44.19.gml.cnf, 1024, 90143
g.44.20.gml.cnf, 1039, 94474
g.44.21.gml.cnf, 989, 82404
g.44.22.gml.cnf, 1006, 85929
g.44.3.gml.cnf, 1005, 85552
g.44.4.gml.cnf, 989, 82752
g.44.5.gml.cnf, 999, 83450
g.44.7.gml.cnf, 1004, 85575
g.44.9.gml.cnf, 995, 83894
g.45.0.gml.cnf, 1049, 91380
g.45.1.gml.cnf, 1037, 88564
g.45.4.gml.cnf, 1037, 88564
g.45.5.gml.cnf, 1046, 90857
g.45.7.gml.cnf, 1036, 89071
g.45.8.gml.cnf, 1047, 90506
g.45.9.gml.cnf, 1035, 88710
g.46.11.gml.cnf, 1096, 97970
g.46.12.gml.cnf, 1084, 95486
g.46.16.gml.cnf, 1097, 97719
g.46.17.gml.cnf, 1097, 97719
g.46.19.gml.cnf, 1105, 100039
g.46.3.gml.cnf, 1203, 143057
g.46.4.gml.cnf, 1104, 99098
g.46.5.gml.cnf, 1094, 97264
g.46.6.gml.cnf, 1083, 94925
g.46.9.gml.cnf, 1096, 97870
g.47.1.gml.cnf, 1147, 104989
g.47.15.gml.cnf, 1127, 101241
g.47.16.gml.cnf, 1145, 104587
g.47.17.gml.cnf, 1131, 101785
g.47.2.gml.cnf, 1143, 104305
g.47.23.gml.cnf, 1134, 102336
g.47.25.gml.cnf, 1145, 104415
g.47.26.gml.cnf, 1152, 106526
g.47.27.gml.cnf, 1160, 108634
g.47.3.gml.cnf, 1140, 103770
g.47.30.gml.cnf, 1176, 113286
g.47.32.gml.cnf, 1128, 101274
g.47.5.gml.cnf, 1141, 103991
g.47.6.gml.cnf, 1138, 103356
g.47.7.gml.cnf, 1143, 104397
g.47.8.gml.cnf, 1143, 104397
g.47.9.gml.cnf, 1143, 104425
g.48.0.gml.cnf, 1194, 111563
g.48.10.gml.cnf, 1180, 108721
g.48.16.gml.cnf, 1195, 111976
g.48.18.gml.cnf, 1179, 108468
g.48.19.gml.cnf, 1192, 110909
g.48.23.gml.cnf, 1175, 107708
g.48.24.gml.cnf, 1176, 107937
g.48.29.gml.cnf, 1176, 107941
g.48.3.gml.cnf, 1200, 112961
g.48.31.gml.cnf, 1176, 107993
g.48.35.gml.cnf, 1175, 107824
g.48.4.gml.cnf, 1191, 111032
g.48.6.gml.cnf, 1186, 110067
g.48.8.gml.cnf, 1187, 110256
g.48.9.gml.cnf, 1196, 110949
g.49.11.gml.cnf, 1275, 126892
g.49.12.gml.cnf, 1275, 126892
g.49.16.gml.cnf, 1257, 122706
g.49.17.gml.cnf, 1229, 115278
g.49.19.gml.cnf, 1240, 118045
g.49.5.gml.cnf, 1241, 118026
g.49.6.gml.cnf, 1228, 115409
g.49.8.gml.cnf, 1237, 116522
g.49.9.gml.cnf, 1229, 115722
g.50.7.gml.cnf, 1300, 125088
g.50.8.gml.cnf, 1274, 122006
g.50.9.gml.cnf, 1294, 126102
g.51.0.gml.cnf, 1333, 130997
g.51.2.gml.cnf, 1343, 133279
g.51.4.gml.cnf, 1325, 129549
g.51.5.gml.cnf, 1336, 131952
g.52.0.gml.cnf, 1385, 138968
g.52.1.gml.cnf, 1381, 138316
g.52.2.gml.cnf, 1388, 139815
g.52.3.gml.cnf, 1377, 136240
g.52.4.gml.cnf, 1379, 137022
g.53.13.gml.cnf, 1460, 152819
g.53.3.gml.cnf, 1442, 148033
g.53.5.gml.cnf, 1581, 213408
g.53.6.gml.cnf, 1453, 151020
g.53.9.gml.cnf, 1478, 159209
g.54.0.gml.cnf, 1499, 157369
g.54.1.gml.cnf, 1532, 167870
g.54.2.gml.cnf, 1490, 155276
g.54.3.gml.cnf, 1502, 157804
g.54.6.gml.cnf, 1484, 152850
g.54.7.gml.cnf, 1489, 155011
g.54.8.gml.cnf, 1499, 157445
g.55.0.gml.cnf, 1548, 164502
g.55.13.gml.cnf, 1590, 178076
g.55.23.gml.cnf, 1590, 178068
g.55.24.gml.cnf, 1590, 178068
g.55.26.gml.cnf, 1550, 165372
g.55.30.gml.cnf, 1615, 184545
g.55.32.gml.cnf, 1567, 169229
g.55.33.gml.cnf, 1557, 166671
g.55.6.gml.cnf, 1596, 178862
g.55.8.gml.cnf, 1590, 178068
g.55.9.gml.cnf, 1590, 178076
g.56.0.gml.cnf, 1595, 171852
g.56.1.gml.cnf, 1616, 177169
g.56.10.gml.cnf, 1631, 181308
g.56.11.gml.cnf, 1611, 175740
g.56.2.gml.cnf, 1646, 187399
g.56.3.gml.cnf, 1646, 187391
g.56.4.gml.cnf, 1643, 185276
g.56.5.gml.cnf, 1621, 178330
g.56.7.gml.cnf, 1622, 178147
g.56.9.gml.cnf, 1613, 175866
g.57.0.gml.cnf, 1673, 186274
g.57.14.gml.cnf, 1706, 198299
g.57.15.gml.cnf, 1706, 198299
g.57.18.gml.cnf, 1679, 187892
g.57.19.gml.cnf, 1652, 180069
g.57.21.gml.cnf, 1652, 180145
g.57.22.gml.cnf, 1696, 193241
g.57.23.gml.cnf, 1660, 182889
g.57.26.gml.cnf, 1837, 277898
g.57.27.gml.cnf, 1791, 244600
g.57.28.gml.cnf, 1693, 192626
g.57.29.gml.cnf, 1698, 194455
g.57.5.gml.cnf, 1761, 222882
g.57.6.gml.cnf, 1674, 186975
g.57.8.gml.cnf, 1706, 198299
g.57.9.gml.cnf, 1706, 198299
g.58.0.gml.cnf, 1735, 196803
g.58.10.gml.cnf, 1759, 205643
g.58.3.gml.cnf, 1764, 208304
g.58.4.gml.cnf, 1742, 198862
g.58.6.gml.cnf, 1724, 193852
g.58.7.gml.cnf, 1710, 189902
g.58.9.gml.cnf, 1766, 207894
g.59.0.gml.cnf, 1795, 207875
g.59.12.gml.cnf, 1826, 219934
g.59.14.gml.cnf, 1796, 208020
g.59.2.gml.cnf, 1833, 218693
g.59.9.gml.cnf, 1826, 219934
g.60.0.gml.cnf, 1862, 220497
g.60.1.gml.cnf, 1886, 230653
g.60.16.gml.cnf, 1885, 230216
g.60.9.gml.cnf, 1885, 230216
g.61.11.gml.cnf, 1946, 241341
g.61.15.gml.cnf, 1949, 242596
g.61.2.gml.cnf, 1916, 229163
g.61.25.gml.cnf, 1949, 242596
g.61.3.gml.cnf, 1927, 232650
g.61.31.gml.cnf, 1947, 241762
g.61.32.gml.cnf, 1947, 241762
g.61.35.gml.cnf, 1890, 221265
g.61.39.gml.cnf, 1893, 221924
g.61.4.gml.cnf, 1946, 241289
g.61.40.gml.cnf, 1893, 221924
g.61.54.gml.cnf, 1909, 227168
g.61.55.gml.cnf, 1909, 227168
g.61.7.gml.cnf, 1947, 241762
g.61.8.gml.cnf, 1946, 241341
g.61.9.gml.cnf, 1949, 242596
g.62.0.gml.cnf, 2002, 247856
g.62.1.gml.cnf, 1959, 234681
g.62.2.gml.cnf, 2008, 252778
g.62.3.gml.cnf, 2011, 254045
g.62.4.gml.cnf, 2009, 253203
g.62.5.gml.cnf, 1956, 233686
g.62.6.gml.cnf, 1953, 233019
g.62.7.gml.cnf, 1955, 233017
g.63.0.gml.cnf, 2033, 250211
g.63.1.gml.cnf, 2036, 251082
g.63.18.gml.cnf, 2074, 265928
g.63.22.gml.cnf, 2055, 257917
g.63.8.gml.cnf, 2074, 265928
g.63.9.gml.cnf, 2074, 265928
g.64.14.gml.cnf, 2084, 258677
g.64.16.gml.cnf, 2084, 258677
g.64.17.gml.cnf, 2108, 265349
g.64.18.gml.cnf, 2208, 319681
g.64.7.gml.cnf, 2150, 280487
g.64.8.gml.cnf, 2138, 278123
g.64.9.gml.cnf, 2084, 258677
g.65.0.gml.cnf, 2215, 293116
g.65.1.gml.cnf, 2150, 269755
g.66.3.gml.cnf, 2243, 292367
g.66.6.gml.cnf, 2284, 309412
g.66.7.gml.cnf, 2233, 286865
g.66.8.gml.cnf, 2233, 286865
g.67.0.gml.cnf, 2277, 291697
g.67.1.gml.cnf, 2302, 302850
g.68.1.gml.cnf, 2346, 308613
g.68.4.gml.cnf, 2348, 308095
g.69.0.gml.cnf, 2414, 323133
g.69.1.gml.cnf, 2429, 327508
g.69.2.gml.cnf, 2418, 322317
g.69.3.gml.cnf, 2414, 320621
g.69.4.gml.cnf, 2414, 320621
g.69.5.gml.cnf, 2414, 320621
g.69.7.gml.cnf, 2443, 330934
g.70.1.gml.cnf, 2534, 354124
g.71.2.gml.cnf, 2562, 351604
g.71.5.gml.cnf, 2571, 357057
g.72.0.gml.cnf, 2557, 357912
g.73.4.gml.cnf, 2736, 395369
g.73.7.gml.cnf, 2705, 382730
g.73.8.gml.cnf, 2729, 391270
g.73.9.gml.cnf, 2719, 388680
g.74.1.gml.cnf, 2786, 402262
g.74.2.gml.cnf, 2815, 411687
g.74.4.gml.cnf, 2778, 399522
g.74.5.gml.cnf, 2788, 402864
g.75.0.gml.cnf, 2861, 418805
g.75.1.gml.cnf, 2878, 425306
g.75.2.gml.cnf, 2849, 412757
g.75.3.gml.cnf, 2863, 419415
g.75.4.gml.cnf, 2871, 422515
g.75.5.gml.cnf, 2849, 415169
g.75.6.gml.cnf, 2849, 415341
g.75.7.gml.cnf, 2849, 415341
g.76.1.gml.cnf, 2956, 442279
g.76.2.gml.cnf, 2925, 423568
g.76.4.gml.cnf, 2959, 441038
g.77.0.gml.cnf, 3002, 447397
g.77.1.gml.cnf, 3002, 446933
g.77.2.gml.cnf, 3004, 447407
g.77.5.gml.cnf, 3034, 461097
g.77.6.gml.cnf, 3005, 448892
g.78.0.gml.cnf, 3080, 466418
g.78.3.gml.cnf, 3083, 468293
g.79.0.gml.cnf, 3176, 491238
g.79.1.gml.cnf, 3160, 479710
g.79.3.gml.cnf, 3160, 485262
g.79.5.gml.cnf, 3194, 495084
g.79.6.gml.cnf, 3166, 485676
g.79.7.gml.cnf, 3228, 512582
g.80.1.gml.cnf, 3254, 509395
g.80.4.gml.cnf, 3254, 509375
g.80.5.gml.cnf, 3265, 513958
g.80.6.gml.cnf, 3239, 504224
g.81.0.gml.cnf, 3337, 529438
g.81.15.gml.cnf, 3323, 524948
g.81.16.gml.cnf, 3320, 522489
g.81.5.gml.cnf, 3333, 527834
g.81.9.gml.cnf, 3403, 559416
g.82.1.gml.cnf, 3403, 544027
g.82.4.gml.cnf, 3485, 579505
g.82.5.gml.cnf, 3485, 579457
g.83.3.gml.cnf, 3485, 564017
g.84.0.gml.cnf, 3581, 589132
g.84.1.gml.cnf, 3610, 600597
g.84.2.gml.cnf, 3572, 583471
g.85.1.gml.cnf, 3701, 625116
g.85.2.gml.cnf, 3742, 648657
g.85.3.gml.cnf, 3667, 609646
g.85.8.gml.cnf, 3667, 609646
g.86.0.gml.cnf, 3775, 641145
g.86.1.gml.cnf, 3743, 626373
g.86.2.gml.cnf, 3777, 639415
g.86.3.gml.cnf, 3844, 679246
g.86.4.gml.cnf, 3844, 679246
g.86.5.gml.cnf, 3791, 649429
g.87.0.gml.cnf, 3864, 661838
g.87.4.gml.cnf, 3930, 701236
g.87.5.gml.cnf, 3930, 701236
g.87.6.gml.cnf, 3828, 649350
g.88.0.gml.cnf, 3920, 671209
g.88.2.gml.cnf, 3915, 669892
g.89.0.gml.cnf, 4009, 694886
g.89.1.gml.cnf, 4010, 694919
g.90.0.gml.cnf, 4144, 741120
g.90.1.gml.cnf, 4155, 747747
g.90.2.gml.cnf, 4094, 719534
g.90.3.gml.cnf, 4094, 717206
g.91.0.gml.cnf, 4187, 742875
g.91.1.gml.cnf, 4185, 743917
g.92.0.gml.cnf, 4378, 823433
g.92.1.gml.cnf, 4328, 790615
g.92.3.gml.cnf, 4277, 769256
g.92.4.gml.cnf, 4277, 767048
g.93.0.gml.cnf, 4371, 792810
g.94.0.gml.cnf, 4466, 819340
g.94.2.gml.cnf, 4545, 861639
g.94.3.gml.cnf, 4515, 839001
g.95.0.gml.cnf, 4587, 859085
g.95.1.gml.cnf, 4597, 863911
g.95.2.gml.cnf, 4559, 847277
g.95.3.gml.cnf, 4564, 849026
g.96.2.gml.cnf, 4721, 905498
g.96.3.gml.cnf, 4661, 874250
g.96.4.gml.cnf, 4657, 872066
g.96.5.gml.cnf, 4657, 873130
g.96.9.gml.cnf, 4655, 873600
g.97.1.gml.cnf, 4819, 935048
g.99.0.gml.cnf, 5005, 986753
g.99.1.gml.cnf, 5001, 984581
g.99.2.gml.cnf, 5001, 984581
